Date,Account_ID,Transaction_Type,Amount,Branch,Source_File,Row_No,Transaction_ID,Account_Type,Month,Day,DayOfWeek
2026-01-01,A008,Deposit,37000,Lahore,2026-01-01,1,2026-01-01-001,Current,1,1,3
2026-01-01,A009,Withdrawal,11500,Islamabad,2026-01-01,2,2026-01-01-002,Saving,1,1,3
2026-01-01,A001,Withdrawal,37000,Karachi,2026-01-01,3,2026-01-01-003,Saving,1,1,3
2026-01-01,A008,Withdrawal,26500,Lahore,2026-01-01,4,2026-01-01-004,Current,1,1,3
2026-01-01,A002,Deposit,42500,Lahore,2026-01-01,5,2026-01-01-005,Current,1,1,3
2026-01-01,A004,Withdrawal,39500,Karachi,2026-01-01,6,2026-01-01-006,Saving,1,1,3
2026-01-01,A007,Withdrawal,28000,Karachi,2026-01-01,7,2026-01-01-007,Saving,1,1,3
2026-01-02,A005,Withdrawal,12500,Lahore,2026-01-02,1,2026-01-02-001,Current,1,2,4
2026-01-02,A009,Withdrawal,5000,Islamabad,2026-01-02,2,2026-01-02-002,Saving,1,2,4
2026-01-02,A003,Withdrawal,32000,Islamabad,2026-01-02,3,2026-01-02-003,Saving,1,2,4
2026-01-02,A008,Withdrawal,19000,Lahore,2026-01-02,4,2026-01-02-004,Current,1,2,4
2026-01-02,A005,Withdrawal,44500,Lahore,2026-01-02,5,2026-01-02-005,Current,1,2,4
2026-01-02,A008,Deposit,19500,Lahore,2026-01-02,6,2026-01-02-006,Current,1,2,4
2026-01-02,A005,Deposit,8000,Lahore,2026-01-02,7,2026-01-02-007,Current,1,2,4
2026-01-02,A008,Withdrawal,34500,Lahore,2026-01-02,8,2026-01-02-008,Current,1,2,4
2026-01-02,A004,Deposit,77500,Karachi,2026-01-02,9,2026-01-02-009,Saving,1,2,4
2026-01-03,A004,Deposit,64500,Karachi,2026-01-03,1,2026-01-03-001,Saving,1,3,5
2026-01-03,A002,Deposit,56000,Lahore,2026-01-03,2,2026-01-03-002,Current,1,3,5
2026-01-03,A005,Deposit,47000,Lahore,2026-01-03,3,2026-01-03-003,Current,1,3,5
2026-01-03,A007,Deposit,17000,Karachi,2026-01-03,4,2026-01-03-004,Saving,1,3,5
2026-01-03,A009,Withdrawal,6500,Islamabad,2026-01-03,5,2026-01-03-005,Saving,1,3,5
2026-01-03,A004,Withdrawal,22500,Karachi,2026-01-03,6,2026-01-03-006,Saving,1,3,5
2026-01-03,A009,Deposit,72000,Islamabad,2026-01-03,7,2026-01-03-007,Saving,1,3,5
2026-01-03,A003,Withdrawal,32500,Islamabad,2026-01-03,8,2026-01-03-008,Saving,1,3,5
2026-01-03,A002,Deposit,65000,Lahore,2026-01-03,9,2026-01-03-009,Current,1,3,5
2026-01-03,A001,Withdrawal,39000,Karachi,2026-01-03,10,2026-01-03-010,Saving,1,3,5
2026-01-03,A007,Withdrawal,15000,Karachi,2026-01-03,11,2026-01-03-011,Saving,1,3,5
2026-01-03,A008,Deposit,42500,Lahore,2026-01-03,12,2026-01-03-012,Current,1,3,5
2026-01-04,A001,Deposit,15000,Karachi,2026-01-04,1,2026-01-04-001,Saving,1,4,6
2026-01-04,A005,Deposit,55000,Lahore,2026-01-04,2,2026-01-04-002,Current,1,4,6
2026-01-04,A009,Withdrawal,29000,Islamabad,2026-01-04,3,2026-01-04-003,Saving,1,4,6
2026-01-04,A006,Withdrawal,32000,Islamabad,2026-01-04,4,2026-01-04-004,Saving,1,4,6
2026-01-04,A001,Deposit,46500,Karachi,2026-01-04,5,2026-01-04-005,Saving,1,4,6
2026-01-04,A007,Deposit,7000,Karachi,2026-01-04,6,2026-01-04-006,Saving,1,4,6
2026-01-04,A010,Deposit,21000,Karachi,2026-01-04,7,2026-01-04-007,Saving,1,4,6
2026-01-04,A010,Deposit,69000,Karachi,2026-01-04,8,2026-01-04-008,Saving,1,4,6
2026-01-04,A009,Deposit,9000,Islamabad,2026-01-04,9,2026-01-04-009,Saving,1,4,6
2026-01-04,A010,Withdrawal,16000,Karachi,2026-01-04,10,2026-01-04-010,Saving,1,4,6
2026-01-05,A006,Withdrawal,49500,Islamabad,2026-01-05,1,2026-01-05-001,Saving,1,5,0
2026-01-05,A007,Deposit,36000,Karachi,2026-01-05,2,2026-01-05-002,Saving,1,5,0
2026-01-05,A009,Deposit,30000,Islamabad,2026-01-05,3,2026-01-05-003,Saving,1,5,0
2026-01-05,A001,Deposit,62500,Karachi,2026-01-05,4,2026-01-05-004,Saving,1,5,0
2026-01-05,A008,Deposit,58500,Lahore,2026-01-05,5,2026-01-05-005,Current,1,5,0
2026-01-05,A002,Deposit,75000,Lahore,2026-01-05,6,2026-01-05-006,Current,1,5,0
2026-01-05,A002,Withdrawal,25500,Lahore,2026-01-05,7,2026-01-05-007,Current,1,5,0
2026-01-06,A002,Deposit,33500,Lahore,2026-01-06,1,2026-01-06-001,Current,1,6,1
2026-01-06,A007,Deposit,52000,Karachi,2026-01-06,2,2026-01-06-002,Saving,1,6,1
2026-01-06,A010,Deposit,11500,Karachi,2026-01-06,3,2026-01-06-003,Saving,1,6,1
2026-01-06,A004,Withdrawal,48000,Karachi,2026-01-06,4,2026-01-06-004,Saving,1,6,1
2026-01-06,A005,Deposit,57000,Lahore,2026-01-06,5,2026-01-06-005,Current,1,6,1
2026-01-06,A008,Withdrawal,48500,Lahore,2026-01-06,6,2026-01-06-006,Current,1,6,1
2026-01-06,A003,Deposit,58500,Islamabad,2026-01-06,7,2026-01-06-007,Saving,1,6,1
2026-01-06,A008,Deposit,25000,Lahore,2026-01-06,8,2026-01-06-008,Current,1,6,1
2026-01-06,A005,Deposit,72500,Lahore,2026-01-06,9,2026-01-06-009,Current,1,6,1
2026-01-07,A003,Deposit,65500,Islamabad,2026-01-07,1,2026-01-07-001,Saving,1,7,2
2026-01-07,A006,Deposit,39500,Islamabad,2026-01-07,2,2026-01-07-002,Saving,1,7,2
2026-01-07,A009,Withdrawal,25500,Islamabad,2026-01-07,3,2026-01-07-003,Saving,1,7,2
2026-01-07,A008,Deposit,28000,Lahore,2026-01-07,4,2026-01-07-004,Current,1,7,2
2026-01-07,A007,Withdrawal,6500,Karachi,2026-01-07,5,2026-01-07-005,Saving,1,7,2
2026-01-07,A007,Deposit,61500,Karachi,2026-01-07,6,2026-01-07-006,Saving,1,7,2
2026-01-07,A005,Deposit,18000,Lahore,2026-01-07,7,2026-01-07-007,Current,1,7,2
2026-01-07,A005,Deposit,54500,Lahore,2026-01-07,8,2026-01-07-008,Current,1,7,2
2026-01-07,A002,Deposit,18000,Lahore,2026-01-07,9,2026-01-07-009,Current,1,7,2
2026-01-07,A006,Deposit,27000,Islamabad,2026-01-07,10,2026-01-07-010,Saving,1,7,2
2026-01-07,A010,Withdrawal,23000,Karachi,2026-01-07,11,2026-01-07-011,Saving,1,7,2
2026-01-08,A007,Deposit,49000,Karachi,2026-01-08,1,2026-01-08-001,Saving,1,8,3
2026-01-08,A002,Deposit,76500,Lahore,2026-01-08,2,2026-01-08-002,Current,1,8,3
2026-01-08,A005,Deposit,63500,Lahore,2026-01-08,3,2026-01-08-003,Current,1,8,3
2026-01-08,A003,Deposit,41000,Islamabad,2026-01-08,4,2026-01-08-004,Saving,1,8,3
2026-01-08,A005,Withdrawal,47000,Lahore,2026-01-08,5,2026-01-08-005,Current,1,8,3
2026-01-08,A006,Deposit,40500,Islamabad,2026-01-08,6,2026-01-08-006,Saving,1,8,3
2026-01-08,A010,Deposit,29500,Karachi,2026-01-08,7,2026-01-08-007,Saving,1,8,3
2026-01-08,A009,Deposit,37500,Islamabad,2026-01-08,8,2026-01-08-008,Saving,1,8,3
2026-01-08,A004,Withdrawal,41500,Karachi,2026-01-08,9,2026-01-08-009,Saving,1,8,3
2026-01-09,A002,Withdrawal,17000,Lahore,2026-01-09,1,2026-01-09-001,Current,1,9,4
2026-01-09,A002,Withdrawal,7500,Lahore,2026-01-09,2,2026-01-09-002,Current,1,9,4
2026-01-09,A003,Withdrawal,37000,Islamabad,2026-01-09,3,2026-01-09-003,Saving,1,9,4
2026-01-09,A008,Withdrawal,17000,Lahore,2026-01-09,4,2026-01-09-004,Current,1,9,4
2026-01-09,A002,Withdrawal,48500,Lahore,2026-01-09,5,2026-01-09-005,Current,1,9,4
2026-01-09,A003,Deposit,15500,Islamabad,2026-01-09,6,2026-01-09-006,Saving,1,9,4
2026-01-09,A006,Deposit,28000,Islamabad,2026-01-09,7,2026-01-09-007,Saving,1,9,4
2026-01-09,A009,Withdrawal,48000,Islamabad,2026-01-09,8,2026-01-09-008,Saving,1,9,4
2026-01-09,A004,Withdrawal,32000,Karachi,2026-01-09,9,2026-01-09-009,Saving,1,9,4
2026-01-09,A003,Deposit,72500,Islamabad,2026-01-09,10,2026-01-09-010,Saving,1,9,4
2026-01-10,A010,Deposit,75000,Karachi,2026-01-10,1,2026-01-10-001,Saving,1,10,5
2026-01-10,A006,Deposit,8000,Islamabad,2026-01-10,2,2026-01-10-002,Saving,1,10,5
2026-01-10,A010,Withdrawal,49500,Karachi,2026-01-10,3,2026-01-10-003,Saving,1,10,5
2026-01-10,A001,Withdrawal,37500,Karachi,2026-01-10,4,2026-01-10-004,Saving,1,10,5
2026-01-10,A003,Deposit,72000,Islamabad,2026-01-10,5,2026-01-10-005,Saving,1,10,5
2026-01-10,A005,Withdrawal,17000,Lahore,2026-01-10,6,2026-01-10-006,Current,1,10,5
2026-01-10,A004,Deposit,54500,Karachi,2026-01-10,7,2026-01-10-007,Saving,1,10,5
2026-01-10,A009,Withdrawal,6500,Islamabad,2026-01-10,8,2026-01-10-008,Saving,1,10,5
2026-01-11,A003,Withdrawal,47000,Islamabad,2026-01-11,1,2026-01-11-001,Saving,1,11,6
2026-01-11,A003,Deposit,10000,Islamabad,2026-01-11,2,2026-01-11-002,Saving,1,11,6
2026-01-11,A009,Deposit,61000,Islamabad,2026-01-11,3,2026-01-11-003,Saving,1,11,6
2026-01-11,A002,Withdrawal,36500,Lahore,2026-01-11,4,2026-01-11-004,Current,1,11,6
2026-01-11,A009,Deposit,26000,Islamabad,2026-01-11,5,2026-01-11-005,Saving,1,11,6
2026-01-11,A004,Withdrawal,17000,Karachi,2026-01-11,6,2026-01-11-006,Saving,1,11,6
2026-01-11,A010,Deposit,37500,Karachi,2026-01-11,7,2026-01-11-007,Saving,1,11,6
2026-01-11,A002,Deposit,18000,Lahore,2026-01-11,8,2026-01-11-008,Current,1,11,6
2026-01-11,A003,Deposit,6000,Islamabad,2026-01-11,9,2026-01-11-009,Saving,1,11,6
2026-01-12,A010,Deposit,14000,Karachi,2026-01-12,1,2026-01-12-001,Saving,1,12,0
2026-01-12,A010,Withdrawal,35000,Karachi,2026-01-12,2,2026-01-12-002,Saving,1,12,0
2026-01-12,A005,Withdrawal,11500,Lahore,2026-01-12,3,2026-01-12-003,Current,1,12,0
2026-01-12,A001,Withdrawal,36000,Karachi,2026-01-12,4,2026-01-12-004,Saving,1,12,0
2026-01-12,A009,Deposit,14500,Islamabad,2026-01-12,5,2026-01-12-005,Saving,1,12,0
2026-01-12,A006,Deposit,74500,Islamabad,2026-01-12,6,2026-01-12-006,Saving,1,12,0
2026-01-12,A010,Deposit,27500,Karachi,2026-01-12,7,2026-01-12-007,Saving,1,12,0
2026-01-12,A006,Withdrawal,33500,Islamabad,2026-01-12,8,2026-01-12-008,Saving,1,12,0
2026-01-12,A006,Withdrawal,15500,Islamabad,2026-01-12,9,2026-01-12-009,Saving,1,12,0
2026-01-12,A005,Withdrawal,3000,Lahore,2026-01-12,10,2026-01-12-010,Current,1,12,0
2026-01-12,A002,Deposit,52500,Lahore,2026-01-12,11,2026-01-12-011,Current,1,12,0
2026-01-13,A002,Deposit,5000,Lahore,2026-01-13,1,2026-01-13-001,Current,1,13,1
2026-01-13,A010,Withdrawal,10500,Karachi,2026-01-13,2,2026-01-13-002,Saving,1,13,1
2026-01-13,A010,Withdrawal,22500,Karachi,2026-01-13,3,2026-01-13-003,Saving,1,13,1
2026-01-13,A005,Withdrawal,42500,Lahore,2026-01-13,4,2026-01-13-004,Current,1,13,1
2026-01-13,A001,Deposit,26500,Karachi,2026-01-13,5,2026-01-13-005,Saving,1,13,1
2026-01-13,A009,Withdrawal,24000,Islamabad,2026-01-13,6,2026-01-13-006,Saving,1,13,1
2026-01-13,A003,Withdrawal,38500,Islamabad,2026-01-13,7,2026-01-13-007,Saving,1,13,1
2026-01-13,A007,Withdrawal,38000,Karachi,2026-01-13,8,2026-01-13-008,Saving,1,13,1
2026-01-13,A007,Deposit,13500,Karachi,2026-01-13,9,2026-01-13-009,Saving,1,13,1
2026-01-13,A004,Deposit,13500,Karachi,2026-01-13,10,2026-01-13-010,Saving,1,13,1
2026-01-13,A007,Withdrawal,15000,Karachi,2026-01-13,11,2026-01-13-011,Saving,1,13,1
2026-01-14,A006,Deposit,23500,Islamabad,2026-01-14,1,2026-01-14-001,Saving,1,14,2
2026-01-14,A010,Withdrawal,37500,Karachi,2026-01-14,2,2026-01-14-002,Saving,1,14,2
2026-01-14,A010,Deposit,12500,Karachi,2026-01-14,3,2026-01-14-003,Saving,1,14,2
2026-01-14,A005,Deposit,49500,Lahore,2026-01-14,4,2026-01-14-004,Current,1,14,2
2026-01-14,A002,Deposit,66500,Lahore,2026-01-14,5,2026-01-14-005,Current,1,14,2
2026-01-14,A010,Withdrawal,8500,Karachi,2026-01-14,6,2026-01-14-006,Saving,1,14,2
2026-01-14,A006,Deposit,17000,Islamabad,2026-01-14,7,2026-01-14-007,Saving,1,14,2
2026-01-14,A006,Deposit,16500,Islamabad,2026-01-14,8,2026-01-14-008,Saving,1,14,2
2026-01-14,A006,Deposit,6500,Islamabad,2026-01-14,9,2026-01-14-009,Saving,1,14,2
2026-01-15,A002,Deposit,37000,Lahore,2026-01-15,1,2026-01-15-001,Current,1,15,3
2026-01-15,A006,Withdrawal,40500,Islamabad,2026-01-15,2,2026-01-15-002,Saving,1,15,3
2026-01-15,A004,Deposit,78500,Karachi,2026-01-15,3,2026-01-15-003,Saving,1,15,3
2026-01-15,A006,Withdrawal,40000,Islamabad,2026-01-15,4,2026-01-15-004,Saving,1,15,3
2026-01-15,A009,Deposit,41500,Islamabad,2026-01-15,5,2026-01-15-005,Saving,1,15,3
2026-01-15,A002,Deposit,22000,Lahore,2026-01-15,6,2026-01-15-006,Current,1,15,3
2026-01-15,A003,Withdrawal,47500,Islamabad,2026-01-15,7,2026-01-15-007,Saving,1,15,3
2026-01-15,A005,Deposit,5500,Lahore,2026-01-15,8,2026-01-15-008,Current,1,15,3
2026-01-16,A010,Deposit,44000,Karachi,2026-01-16,1,2026-01-16-001,Saving,1,16,4
2026-01-16,A001,Deposit,67500,Karachi,2026-01-16,2,2026-01-16-002,Saving,1,16,4
2026-01-16,A005,Deposit,74000,Lahore,2026-01-16,3,2026-01-16-003,Current,1,16,4
2026-01-16,A009,Withdrawal,42000,Islamabad,2026-01-16,4,2026-01-16-004,Saving,1,16,4
2026-01-16,A003,Withdrawal,49000,Islamabad,2026-01-16,5,2026-01-16-005,Saving,1,16,4
2026-01-16,A006,Withdrawal,39000,Islamabad,2026-01-16,6,2026-01-16-006,Saving,1,16,4
2026-01-16,A007,Deposit,63000,Karachi,2026-01-16,7,2026-01-16-007,Saving,1,16,4
2026-01-16,A009,Deposit,45000,Islamabad,2026-01-16,8,2026-01-16-008,Saving,1,16,4
2026-01-16,A010,Deposit,69000,Karachi,2026-01-16,9,2026-01-16-009,Saving,1,16,4
2026-01-17,A004,Withdrawal,13500,Karachi,2026-01-17,1,2026-01-17-001,Saving,1,17,5
2026-01-17,A003,Deposit,37500,Islamabad,2026-01-17,2,2026-01-17-002,Saving,1,17,5
2026-01-17,A005,Deposit,50000,Lahore,2026-01-17,3,2026-01-17-003,Current,1,17,5
2026-01-17,A003,Deposit,42500,Islamabad,2026-01-17,4,2026-01-17-004,Saving,1,17,5
2026-01-17,A004,Deposit,37500,Karachi,2026-01-17,5,2026-01-17-005,Saving,1,17,5
2026-01-17,A004,Withdrawal,13000,Karachi,2026-01-17,6,2026-01-17-006,Saving,1,17,5
2026-01-17,A003,Withdrawal,34000,Islamabad,2026-01-17,7,2026-01-17-007,Saving,1,17,5
2026-01-17,A010,Deposit,62500,Karachi,2026-01-17,8,2026-01-17-008,Saving,1,17,5
2026-01-17,A004,Withdrawal,48000,Karachi,2026-01-17,9,2026-01-17-009,Saving,1,17,5
2026-01-17,A009,Withdrawal,11500,Islamabad,2026-01-17,10,2026-01-17-010,Saving,1,17,5
2026-01-17,A009,Withdrawal,38500,Islamabad,2026-01-17,11,2026-01-17-011,Saving,1,17,5
2026-01-18,A001,Withdrawal,15500,Karachi,2026-01-18,1,2026-01-18-001,Saving,1,18,6
2026-01-18,A001,Withdrawal,11500,Karachi,2026-01-18,2,2026-01-18-002,Saving,1,18,6
2026-01-18,A006,Deposit,69500,Islamabad,2026-01-18,3,2026-01-18-003,Saving,1,18,6
2026-01-18,A010,Deposit,51000,Karachi,2026-01-18,4,2026-01-18-004,Saving,1,18,6
2026-01-18,A007,Deposit,59000,Karachi,2026-01-18,5,2026-01-18-005,Saving,1,18,6
2026-01-18,A006,Deposit,75000,Islamabad,2026-01-18,6,2026-01-18-006,Saving,1,18,6
2026-01-18,A010,Withdrawal,48000,Karachi,2026-01-18,7,2026-01-18-007,Saving,1,18,6
2026-01-18,A005,Withdrawal,30000,Lahore,2026-01-18,8,2026-01-18-008,Current,1,18,6
2026-01-18,A010,Withdrawal,40000,Karachi,2026-01-18,9,2026-01-18-009,Saving,1,18,6
2026-01-18,A001,Withdrawal,14000,Karachi,2026-01-18,10,2026-01-18-010,Saving,1,18,6
2026-01-19,A001,Withdrawal,10000,Karachi,2026-01-19,1,2026-01-19-001,Saving,1,19,0
2026-01-19,A002,Withdrawal,2000,Lahore,2026-01-19,2,2026-01-19-002,Current,1,19,0
2026-01-19,A006,Deposit,55500,Islamabad,2026-01-19,3,2026-01-19-003,Saving,1,19,0
2026-01-19,A006,Withdrawal,46000,Islamabad,2026-01-19,4,2026-01-19-004,Saving,1,19,0
2026-01-19,A008,Deposit,22500,Lahore,2026-01-19,5,2026-01-19-005,Current,1,19,0
2026-01-19,A006,Withdrawal,42500,Islamabad,2026-01-19,6,2026-01-19-006,Saving,1,19,0
2026-01-19,A002,Deposit,59000,Lahore,2026-01-19,7,2026-01-19-007,Current,1,19,0
2026-01-20,A005,Deposit,54000,Lahore,2026-01-20,1,2026-01-20-001,Current,1,20,1
2026-01-20,A010,Withdrawal,39000,Karachi,2026-01-20,2,2026-01-20-002,Saving,1,20,1
2026-01-20,A008,Withdrawal,18000,Lahore,2026-01-20,3,2026-01-20-003,Current,1,20,1
2026-01-20,A009,Deposit,62000,Islamabad,2026-01-20,4,2026-01-20-004,Saving,1,20,1
2026-01-20,A008,Deposit,32000,Lahore,2026-01-20,5,2026-01-20-005,Current,1,20,1
2026-01-20,A004,Deposit,16500,Karachi,2026-01-20,6,2026-01-20-006,Saving,1,20,1
2026-01-20,A001,Deposit,75000,Karachi,2026-01-20,7,2026-01-20-007,Saving,1,20,1
2026-01-21,A004,Withdrawal,10000,Karachi,2026-01-21,1,2026-01-21-001,Saving,1,21,2
2026-01-21,A006,Withdrawal,19000,Islamabad,2026-01-21,2,2026-01-21-002,Saving,1,21,2
2026-01-21,A008,Deposit,15000,Lahore,2026-01-21,3,2026-01-21-003,Current,1,21,2
2026-01-21,A004,Withdrawal,2000,Karachi,2026-01-21,4,2026-01-21-004,Saving,1,21,2
2026-01-21,A008,Withdrawal,22000,Lahore,2026-01-21,5,2026-01-21-005,Current,1,21,2
2026-01-21,A002,Withdrawal,44000,Lahore,2026-01-21,6,2026-01-21-006,Current,1,21,2
2026-01-21,A007,Deposit,40500,Karachi,2026-01-21,7,2026-01-21-007,Saving,1,21,2
2026-01-21,A006,Withdrawal,28000,Islamabad,2026-01-21,8,2026-01-21-008,Saving,1,21,2
2026-01-21,A001,Deposit,59000,Karachi,2026-01-21,9,2026-01-21-009,Saving,1,21,2
2026-01-21,A009,Deposit,77500,Islamabad,2026-01-21,10,2026-01-21-010,Saving,1,21,2
2026-01-21,A005,Deposit,5500,Lahore,2026-01-21,11,2026-01-21-011,Current,1,21,2
2026-01-22,A006,Withdrawal,46000,Islamabad,2026-01-22,1,2026-01-22-001,Saving,1,22,3
2026-01-22,A006,Withdrawal,7000,Islamabad,2026-01-22,2,2026-01-22-002,Saving,1,22,3
2026-01-22,A001,Deposit,70500,Karachi,2026-01-22,3,2026-01-22-003,Saving,1,22,3
2026-01-22,A008,Deposit,67500,Lahore,2026-01-22,4,2026-01-22-004,Current,1,22,3
2026-01-22,A007,Withdrawal,49500,Karachi,2026-01-22,5,2026-01-22-005,Saving,1,22,3
2026-01-22,A002,Deposit,53500,Lahore,2026-01-22,6,2026-01-22-006,Current,1,22,3
2026-01-22,A007,Deposit,72000,Karachi,2026-01-22,7,2026-01-22-007,Saving,1,22,3
2026-01-22,A003,Deposit,23000,Islamabad,2026-01-22,8,2026-01-22-008,Saving,1,22,3
2026-01-23,A008,Deposit,6000,Lahore,2026-01-23,1,2026-01-23-001,Current,1,23,4
2026-01-23,A010,Withdrawal,45500,Karachi,2026-01-23,2,2026-01-23-002,Saving,1,23,4
2026-01-23,A001,Deposit,16500,Karachi,2026-01-23,3,2026-01-23-003,Saving,1,23,4
2026-01-23,A001,Withdrawal,49000,Karachi,2026-01-23,4,2026-01-23-004,Saving,1,23,4
2026-01-23,A009,Deposit,26500,Islamabad,2026-01-23,5,2026-01-23-005,Saving,1,23,4
2026-01-23,A009,Deposit,55000,Islamabad,2026-01-23,6,2026-01-23-006,Saving,1,23,4
2026-01-23,A009,Withdrawal,7500,Islamabad,2026-01-23,7,2026-01-23-007,Saving,1,23,4
2026-01-23,A008,Withdrawal,41000,Lahore,2026-01-23,8,2026-01-23-008,Current,1,23,4
2026-01-23,A009,Deposit,39000,Islamabad,2026-01-23,9,2026-01-23-009,Saving,1,23,4
2026-01-23,A003,Deposit,57000,Islamabad,2026-01-23,10,2026-01-23-010,Saving,1,23,4
2026-01-23,A006,Withdrawal,28000,Islamabad,2026-01-23,11,2026-01-23-011,Saving,1,23,4
2026-01-23,A007,Withdrawal,23500,Karachi,2026-01-23,12,2026-01-23-012,Saving,1,23,4
2026-01-24,A009,Deposit,60000,Islamabad,2026-01-24,1,2026-01-24-001,Saving,1,24,5
2026-01-24,A001,Withdrawal,14500,Karachi,2026-01-24,2,2026-01-24-002,Saving,1,24,5
2026-01-24,A006,Withdrawal,49000,Islamabad,2026-01-24,3,2026-01-24-003,Saving,1,24,5
2026-01-24,A006,Withdrawal,4500,Islamabad,2026-01-24,4,2026-01-24-004,Saving,1,24,5
2026-01-24,A001,Withdrawal,4000,Karachi,2026-01-24,5,2026-01-24-005,Saving,1,24,5
2026-01-24,A005,Deposit,58000,Lahore,2026-01-24,6,2026-01-24-006,Current,1,24,5
2026-01-24,A004,Deposit,11500,Karachi,2026-01-24,7,2026-01-24-007,Saving,1,24,5
2026-01-25,A010,Deposit,45500,Karachi,2026-01-25,1,2026-01-25-001,Saving,1,25,6
2026-01-25,A008,Withdrawal,43500,Lahore,2026-01-25,2,2026-01-25-002,Current,1,25,6
2026-01-25,A006,Deposit,23500,Islamabad,2026-01-25,3,2026-01-25-003,Saving,1,25,6
2026-01-25,A010,Deposit,36000,Karachi,2026-01-25,4,2026-01-25-004,Saving,1,25,6
2026-01-25,A006,Withdrawal,14000,Islamabad,2026-01-25,5,2026-01-25-005,Saving,1,25,6
2026-01-25,A007,Withdrawal,9500,Karachi,2026-01-25,6,2026-01-25-006,Saving,1,25,6
2026-01-25,A002,Deposit,56500,Lahore,2026-01-25,7,2026-01-25-007,Current,1,25,6
2026-01-25,A005,Deposit,14500,Lahore,2026-01-25,8,2026-01-25-008,Current,1,25,6
2026-01-25,A002,Deposit,76000,Lahore,2026-01-25,9,2026-01-25-009,Current,1,25,6
2026-01-26,A001,Deposit,27500,Karachi,2026-01-26,1,2026-01-26-001,Saving,1,26,0
2026-01-26,A008,Withdrawal,31000,Lahore,2026-01-26,2,2026-01-26-002,Current,1,26,0
2026-01-26,A010,Deposit,35500,Karachi,2026-01-26,3,2026-01-26-003,Saving,1,26,0
2026-01-26,A009,Withdrawal,12000,Islamabad,2026-01-26,4,2026-01-26-004,Saving,1,26,0
2026-01-26,A007,Deposit,28500,Karachi,2026-01-26,5,2026-01-26-005,Saving,1,26,0
2026-01-26,A003,Deposit,36000,Islamabad,2026-01-26,6,2026-01-26-006,Saving,1,26,0
2026-01-26,A002,Withdrawal,12500,Lahore,2026-01-26,7,2026-01-26-007,Current,1,26,0
2026-01-26,A004,Withdrawal,29000,Karachi,2026-01-26,8,2026-01-26-008,Saving,1,26,0
2026-01-27,A007,Withdrawal,31500,Karachi,2026-01-27,1,2026-01-27-001,Saving,1,27,1
2026-01-27,A004,Withdrawal,18000,Karachi,2026-01-27,2,2026-01-27-002,Saving,1,27,1
2026-01-27,A006,Deposit,44500,Islamabad,2026-01-27,3,2026-01-27-003,Saving,1,27,1
2026-01-27,A007,Deposit,77000,Karachi,2026-01-27,4,2026-01-27-004,Saving,1,27,1
2026-01-27,A006,Withdrawal,28500,Islamabad,2026-01-27,5,2026-01-27-005,Saving,1,27,1
2026-01-27,A009,Withdrawal,42500,Islamabad,2026-01-27,6,2026-01-27-006,Saving,1,27,1
2026-01-27,A006,Deposit,25000,Islamabad,2026-01-27,7,2026-01-27-007,Saving,1,27,1
2026-01-27,A008,Deposit,43500,Lahore,2026-01-27,8,2026-01-27-008,Current,1,27,1
2026-01-27,A009,Deposit,8000,Islamabad,2026-01-27,9,2026-01-27-009,Saving,1,27,1
2026-01-27,A002,Deposit,70000,Lahore,2026-01-27,10,2026-01-27-010,Current,1,27,1
2026-01-28,A009,Deposit,9000,Islamabad,2026-01-28,1,2026-01-28-001,Saving,1,28,2
2026-01-28,A006,Deposit,30000,Islamabad,2026-01-28,2,2026-01-28-002,Saving,1,28,2
2026-01-28,A008,Withdrawal,17000,Lahore,2026-01-28,3,2026-01-28-003,Current,1,28,2
2026-01-28,A010,Withdrawal,2500,Karachi,2026-01-28,4,2026-01-28-004,Saving,1,28,2
2026-01-28,A008,Deposit,69000,Lahore,2026-01-28,5,2026-01-28-005,Current,1,28,2
2026-01-28,A008,Withdrawal,9000,Lahore,2026-01-28,6,2026-01-28-006,Current,1,28,2
2026-01-28,A007,Deposit,13500,Karachi,2026-01-28,7,2026-01-28-007,Saving,1,28,2
2026-01-28,A006,Withdrawal,48000,Islamabad,2026-01-28,8,2026-01-28-008,Saving,1,28,2
2026-01-28,A005,Deposit,62500,Lahore,2026-01-28,9,2026-01-28-009,Current,1,28,2
2026-01-28,A008,Withdrawal,35000,Lahore,2026-01-28,10,2026-01-28-010,Current,1,28,2
2026-01-28,A008,Withdrawal,20500,Lahore,2026-01-28,11,2026-01-28-011,Current,1,28,2
2026-01-28,A004,Deposit,5500,Karachi,2026-01-28,12,2026-01-28-012,Saving,1,28,2
2026-01-29,A006,Deposit,58000,Islamabad,2026-01-29,1,2026-01-29-001,Saving,1,29,3
2026-01-29,A002,Withdrawal,46000,Lahore,2026-01-29,2,2026-01-29-002,Current,1,29,3
2026-01-29,A010,Withdrawal,11500,Karachi,2026-01-29,3,2026-01-29-003,Saving,1,29,3
2026-01-29,A009,Withdrawal,33000,Islamabad,2026-01-29,4,2026-01-29-004,Saving,1,29,3
2026-01-29,A002,Deposit,68000,Lahore,2026-01-29,5,2026-01-29-005,Current,1,29,3
2026-01-29,A004,Deposit,67500,Karachi,2026-01-29,6,2026-01-29-006,Saving,1,29,3
2026-01-29,A008,Deposit,40500,Lahore,2026-01-29,7,2026-01-29-007,Current,1,29,3
2026-01-29,A005,Deposit,27500,Lahore,2026-01-29,8,2026-01-29-008,Current,1,29,3
2026-01-29,A002,Withdrawal,47000,Lahore,2026-01-29,9,2026-01-29-009,Current,1,29,3
2026-01-29,A001,Deposit,19000,Karachi,2026-01-29,10,2026-01-29-010,Saving,1,29,3
2026-01-29,A003,Deposit,79500,Islamabad,2026-01-29,11,2026-01-29-011,Saving,1,29,3
2026-01-30,A008,Deposit,41500,Lahore,2026-01-30,1,2026-01-30-001,Current,1,30,4
2026-01-30,A003,Withdrawal,13500,Islamabad,2026-01-30,2,2026-01-30-002,Saving,1,30,4
2026-01-30,A009,Withdrawal,32500,Islamabad,2026-01-30,3,2026-01-30-003,Saving,1,30,4
2026-01-30,A005,Withdrawal,34000,Lahore,2026-01-30,4,2026-01-30-004,Current,1,30,4
2026-01-30,A007,Deposit,9000,Karachi,2026-01-30,5,2026-01-30-005,Saving,1,30,4
2026-01-30,A008,Deposit,45000,Lahore,2026-01-30,6,2026-01-30-006,Current,1,30,4
2026-01-30,A010,Deposit,68000,Karachi,2026-01-30,7,2026-01-30-007,Saving,1,30,4
2026-01-30,A006,Withdrawal,38500,Islamabad,2026-01-30,8,2026-01-30-008,Saving,1,30,4
2026-01-30,A004,Withdrawal,26000,Karachi,2026-01-30,9,2026-01-30-009,Saving,1,30,4
2026-01-30,A004,Withdrawal,30000,Karachi,2026-01-30,10,2026-01-30-010,Saving,1,30,4
2026-01-31,A004,Deposit,68500,Karachi,2026-01-31,1,2026-01-31-001,Saving,1,31,5
2026-01-31,A006,Deposit,6500,Islamabad,2026-01-31,2,2026-01-31-002,Saving,1,31,5
2026-01-31,A004,Withdrawal,32000,Karachi,2026-01-31,3,2026-01-31-003,Saving,1,31,5
2026-01-31,A007,Deposit,5500,Karachi,2026-01-31,4,2026-01-31-004,Saving,1,31,5
2026-01-31,A004,Deposit,24000,Karachi,2026-01-31,5,2026-01-31-005,Saving,1,31,5
2026-01-31,A001,Withdrawal,35000,Karachi,2026-01-31,6,2026-01-31-006,Saving,1,31,5
2026-01-31,A005,Deposit,15500,Lahore,2026-01-31,7,2026-01-31-007,Current,1,31,5
2026-01-31,A006,Deposit,36000,Islamabad,2026-01-31,8,2026-01-31-008,Saving,1,31,5
2026-01-31,A003,Withdrawal,27000,Islamabad,2026-01-31,9,2026-01-31-009,Saving,1,31,5
2026-02-01,A008,Withdrawal,49000,Lahore,2026-02-01,1,2026-02-01-001,Current,2,1,6
2026-02-01,A009,Withdrawal,24500,Islamabad,2026-02-01,2,2026-02-01-002,Saving,2,1,6
2026-02-01,A007,Withdrawal,45000,Karachi,2026-02-01,3,2026-02-01-003,Saving,2,1,6
2026-02-01,A003,Withdrawal,48000,Islamabad,2026-02-01,4,2026-02-01-004,Saving,2,1,6
2026-02-01,A005,Deposit,70000,Lahore,2026-02-01,5,2026-02-01-005,Current,2,1,6
2026-02-01,A006,Deposit,59500,Islamabad,2026-02-01,6,2026-02-01-006,Saving,2,1,6
2026-02-01,A007,Withdrawal,28500,Karachi,2026-02-01,7,2026-02-01-007,Saving,2,1,6
2026-02-01,A005,Withdrawal,48500,Lahore,2026-02-01,8,2026-02-01-008,Current,2,1,6
2026-02-01,A002,Withdrawal,15500,Lahore,2026-02-01,9,2026-02-01-009,Current,2,1,6
2026-02-01,A010,Deposit,61000,Karachi,2026-02-01,10,2026-02-01-010,Saving,2,1,6
2026-02-02,A002,Deposit,43000,Lahore,2026-02-02,1,2026-02-02-001,Current,2,2,0
2026-02-02,A008,Deposit,70500,Lahore,2026-02-02,2,2026-02-02-002,Current,2,2,0
2026-02-02,A010,Deposit,29000,Karachi,2026-02-02,3,2026-02-02-003,Saving,2,2,0
2026-02-02,A010,Deposit,10500,Karachi,2026-02-02,4,2026-02-02-004,Saving,2,2,0
2026-02-02,A008,Deposit,21500,Lahore,2026-02-02,5,2026-02-02-005,Current,2,2,0
2026-02-02,A006,Withdrawal,14500,Islamabad,2026-02-02,6,2026-02-02-006,Saving,2,2,0
2026-02-02,A010,Withdrawal,13000,Karachi,2026-02-02,7,2026-02-02-007,Saving,2,2,0
2026-02-03,A001,Deposit,32500,Karachi,2026-02-03,1,2026-02-03-001,Saving,2,3,1
2026-02-03,A004,Withdrawal,7000,Karachi,2026-02-03,2,2026-02-03-002,Saving,2,3,1
2026-02-03,A008,Withdrawal,36000,Lahore,2026-02-03,3,2026-02-03-003,Current,2,3,1
2026-02-03,A001,Withdrawal,43500,Karachi,2026-02-03,4,2026-02-03-004,Saving,2,3,1
2026-02-03,A004,Deposit,65000,Karachi,2026-02-03,5,2026-02-03-005,Saving,2,3,1
2026-02-03,A010,Withdrawal,13000,Karachi,2026-02-03,6,2026-02-03-006,Saving,2,3,1
2026-02-03,A003,Deposit,69000,Islamabad,2026-02-03,7,2026-02-03-007,Saving,2,3,1
2026-02-04,A006,Withdrawal,27000,Islamabad,2026-02-04,1,2026-02-04-001,Saving,2,4,2
2026-02-04,A001,Deposit,57000,Karachi,2026-02-04,2,2026-02-04-002,Saving,2,4,2
2026-02-04,A009,Withdrawal,14000,Islamabad,2026-02-04,3,2026-02-04-003,Saving,2,4,2
2026-02-04,A003,Withdrawal,27000,Islamabad,2026-02-04,4,2026-02-04-004,Saving,2,4,2
2026-02-04,A004,Withdrawal,45000,Karachi,2026-02-04,5,2026-02-04-005,Saving,2,4,2
2026-02-04,A003,Withdrawal,23500,Islamabad,2026-02-04,6,2026-02-04-006,Saving,2,4,2
2026-02-04,A004,Deposit,46000,Karachi,2026-02-04,7,2026-02-04-007,Saving,2,4,2
2026-02-04,A009,Deposit,55500,Islamabad,2026-02-04,8,2026-02-04-008,Saving,2,4,2
2026-02-04,A001,Deposit,38500,Karachi,2026-02-04,9,2026-02-04-009,Saving,2,4,2
2026-02-04,A008,Withdrawal,27500,Lahore,2026-02-04,10,2026-02-04-010,Current,2,4,2
2026-02-04,A010,Deposit,63000,Karachi,2026-02-04,11,2026-02-04-011,Saving,2,4,2
2026-02-04,A005,Deposit,13500,Lahore,2026-02-04,12,2026-02-04-012,Current,2,4,2
2026-02-05,A002,Withdrawal,49500,Lahore,2026-02-05,1,2026-02-05-001,Current,2,5,3
2026-02-05,A008,Deposit,49500,Lahore,2026-02-05,2,2026-02-05-002,Current,2,5,3
2026-02-05,A005,Deposit,73500,Lahore,2026-02-05,3,2026-02-05-003,Current,2,5,3
2026-02-05,A004,Deposit,15000,Karachi,2026-02-05,4,2026-02-05-004,Saving,2,5,3
2026-02-05,A001,Deposit,10000,Karachi,2026-02-05,5,2026-02-05-005,Saving,2,5,3
2026-02-05,A006,Deposit,6000,Islamabad,2026-02-05,6,2026-02-05-006,Saving,2,5,3
2026-02-05,A010,Deposit,52500,Karachi,2026-02-05,7,2026-02-05-007,Saving,2,5,3
2026-02-05,A005,Withdrawal,22000,Lahore,2026-02-05,8,2026-02-05-008,Current,2,5,3
2026-02-05,A010,Withdrawal,38000,Karachi,2026-02-05,9,2026-02-05-009,Saving,2,5,3
2026-02-05,A010,Withdrawal,15500,Karachi,2026-02-05,10,2026-02-05-010,Saving,2,5,3
2026-02-06,A003,Deposit,71500,Islamabad,2026-02-06,1,2026-02-06-001,Saving,2,6,4
2026-02-06,A010,Deposit,78500,Karachi,2026-02-06,2,2026-02-06-002,Saving,2,6,4
2026-02-06,A008,Withdrawal,31500,Lahore,2026-02-06,3,2026-02-06-003,Current,2,6,4
2026-02-06,A007,Deposit,69000,Karachi,2026-02-06,4,2026-02-06-004,Saving,2,6,4
2026-02-06,A003,Deposit,18000,Islamabad,2026-02-06,5,2026-02-06-005,Saving,2,6,4
2026-02-06,A002,Withdrawal,2000,Lahore,2026-02-06,6,2026-02-06-006,Current,2,6,4
2026-02-06,A003,Withdrawal,14000,Islamabad,2026-02-06,7,2026-02-06-007,Saving,2,6,4
2026-02-06,A008,Withdrawal,32000,Lahore,2026-02-06,8,2026-02-06-008,Current,2,6,4
2026-02-06,A005,Deposit,76000,Lahore,2026-02-06,9,2026-02-06-009,Current,2,6,4
2026-02-07,A006,Withdrawal,34000,Islamabad,2026-02-07,1,2026-02-07-001,Saving,2,7,5
2026-02-07,A007,Withdrawal,45000,Karachi,2026-02-07,2,2026-02-07-002,Saving,2,7,5
2026-02-07,A005,Withdrawal,10500,Lahore,2026-02-07,3,2026-02-07-003,Current,2,7,5
2026-02-07,A004,Withdrawal,6500,Karachi,2026-02-07,4,2026-02-07-004,Saving,2,7,5
2026-02-07,A004,Deposit,76500,Karachi,2026-02-07,5,2026-02-07-005,Saving,2,7,5
2026-02-07,A010,Deposit,37000,Karachi,2026-02-07,6,2026-02-07-006,Saving,2,7,5
2026-02-07,A010,Deposit,76500,Karachi,2026-02-07,7,2026-02-07-007,Saving,2,7,5
2026-02-07,A003,Deposit,8000,Islamabad,2026-02-07,8,2026-02-07-008,Saving,2,7,5
2026-02-07,A006,Deposit,9500,Islamabad,2026-02-07,9,2026-02-07-009,Saving,2,7,5
2026-02-07,A003,Deposit,43500,Islamabad,2026-02-07,10,2026-02-07-010,Saving,2,7,5
2026-02-07,A001,Deposit,8500,Karachi,2026-02-07,11,2026-02-07-011,Saving,2,7,5
2026-02-07,A007,Deposit,33500,Karachi,2026-02-07,12,2026-02-07-012,Saving,2,7,5
2026-02-08,A007,Deposit,78000,Karachi,2026-02-08,1,2026-02-08-001,Saving,2,8,6
2026-02-08,A004,Deposit,22000,Karachi,2026-02-08,2,2026-02-08-002,Saving,2,8,6
2026-02-08,A005,Deposit,26500,Lahore,2026-02-08,3,2026-02-08-003,Current,2,8,6
2026-02-08,A002,Withdrawal,9500,Lahore,2026-02-08,4,2026-02-08-004,Current,2,8,6
2026-02-08,A001,Deposit,25500,Karachi,2026-02-08,5,2026-02-08-005,Saving,2,8,6
2026-02-08,A005,Deposit,35500,Lahore,2026-02-08,6,2026-02-08-006,Current,2,8,6
2026-02-08,A005,Withdrawal,24000,Lahore,2026-02-08,7,2026-02-08-007,Current,2,8,6
2026-02-08,A009,Deposit,22000,Islamabad,2026-02-08,8,2026-02-08-008,Saving,2,8,6
2026-02-08,A004,Deposit,73500,Karachi,2026-02-08,9,2026-02-08-009,Saving,2,8,6
2026-02-08,A005,Withdrawal,18000,Lahore,2026-02-08,10,2026-02-08-010,Current,2,8,6
2026-02-08,A003,Deposit,23500,Islamabad,2026-02-08,11,2026-02-08-011,Saving,2,8,6
2026-02-08,A010,Deposit,42000,Karachi,2026-02-08,12,2026-02-08-012,Saving,2,8,6
2026-02-09,A009,Deposit,58000,Islamabad,2026-02-09,1,2026-02-09-001,Saving,2,9,0
2026-02-09,A007,Deposit,8500,Karachi,2026-02-09,2,2026-02-09-002,Saving,2,9,0
2026-02-09,A001,Deposit,73500,Karachi,2026-02-09,3,2026-02-09-003,Saving,2,9,0
2026-02-09,A010,Deposit,19000,Karachi,2026-02-09,4,2026-02-09-004,Saving,2,9,0
2026-02-09,A002,Withdrawal,7000,Lahore,2026-02-09,5,2026-02-09-005,Current,2,9,0
2026-02-09,A005,Withdrawal,13500,Lahore,2026-02-09,6,2026-02-09-006,Current,2,9,0
2026-02-09,A003,Withdrawal,30000,Islamabad,2026-02-09,7,2026-02-09-007,Saving,2,9,0
2026-02-09,A005,Withdrawal,2000,Lahore,2026-02-09,8,2026-02-09-008,Current,2,9,0
2026-02-09,A006,Deposit,51000,Islamabad,2026-02-09,9,2026-02-09-009,Saving,2,9,0
2026-02-10,A008,Withdrawal,15500,Lahore,2026-02-10,1,2026-02-10-001,Current,2,10,1
2026-02-10,A003,Withdrawal,28500,Islamabad,2026-02-10,2,2026-02-10-002,Saving,2,10,1
2026-02-10,A005,Withdrawal,45500,Lahore,2026-02-10,3,2026-02-10-003,Current,2,10,1
2026-02-10,A010,Deposit,60000,Karachi,2026-02-10,4,2026-02-10-004,Saving,2,10,1
2026-02-10,A009,Deposit,46000,Islamabad,2026-02-10,5,2026-02-10-005,Saving,2,10,1
2026-02-10,A008,Withdrawal,16000,Lahore,2026-02-10,6,2026-02-10-006,Current,2,10,1
2026-02-10,A003,Deposit,52500,Islamabad,2026-02-10,7,2026-02-10-007,Saving,2,10,1
2026-02-10,A004,Deposit,69500,Karachi,2026-02-10,8,2026-02-10-008,Saving,2,10,1
2026-02-10,A001,Deposit,33500,Karachi,2026-02-10,9,2026-02-10-009,Saving,2,10,1
2026-02-10,A001,Deposit,54000,Karachi,2026-02-10,10,2026-02-10-010,Saving,2,10,1
2026-02-10,A008,Withdrawal,16000,Lahore,2026-02-10,11,2026-02-10-011,Current,2,10,1
2026-02-10,A008,Deposit,14000,Lahore,2026-02-10,12,2026-02-10-012,Current,2,10,1
2026-02-11,A002,Deposit,49500,Lahore,2026-02-11,1,2026-02-11-001,Current,2,11,2
2026-02-11,A008,Withdrawal,8500,Lahore,2026-02-11,2,2026-02-11-002,Current,2,11,2
2026-02-11,A001,Deposit,17500,Karachi,2026-02-11,3,2026-02-11-003,Saving,2,11,2
2026-02-11,A002,Deposit,79000,Lahore,2026-02-11,4,2026-02-11-004,Current,2,11,2
2026-02-11,A010,Withdrawal,2500,Karachi,2026-02-11,5,2026-02-11-005,Saving,2,11,2
2026-02-11,A006,Deposit,48500,Islamabad,2026-02-11,6,2026-02-11-006,Saving,2,11,2
2026-02-11,A006,Withdrawal,45000,Islamabad,2026-02-11,7,2026-02-11-007,Saving,2,11,2
2026-02-11,A005,Withdrawal,27500,Lahore,2026-02-11,8,2026-02-11-008,Current,2,11,2
2026-02-11,A002,Deposit,25000,Lahore,2026-02-11,9,2026-02-11-009,Current,2,11,2
2026-02-11,A005,Deposit,49500,Lahore,2026-02-11,10,2026-02-11-010,Current,2,11,2
2026-02-11,A004,Withdrawal,33500,Karachi,2026-02-11,11,2026-02-11-011,Saving,2,11,2
2026-02-11,A002,Withdrawal,2500,Lahore,2026-02-11,12,2026-02-11-012,Current,2,11,2
2026-02-12,A003,Withdrawal,42000,Islamabad,2026-02-12,1,2026-02-12-001,Saving,2,12,3
2026-02-12,A003,Withdrawal,10500,Islamabad,2026-02-12,2,2026-02-12-002,Saving,2,12,3
2026-02-12,A006,Deposit,61000,Islamabad,2026-02-12,3,2026-02-12-003,Saving,2,12,3
2026-02-12,A007,Withdrawal,38500,Karachi,2026-02-12,4,2026-02-12-004,Saving,2,12,3
2026-02-12,A006,Withdrawal,36000,Islamabad,2026-02-12,5,2026-02-12-005,Saving,2,12,3
2026-02-12,A010,Deposit,74000,Karachi,2026-02-12,6,2026-02-12-006,Saving,2,12,3
2026-02-12,A006,Deposit,7500,Islamabad,2026-02-12,7,2026-02-12-007,Saving,2,12,3
2026-02-13,A004,Deposit,44000,Karachi,2026-02-13,1,2026-02-13-001,Saving,2,13,4
2026-02-13,A010,Withdrawal,6500,Karachi,2026-02-13,2,2026-02-13-002,Saving,2,13,4
2026-02-13,A007,Withdrawal,20500,Karachi,2026-02-13,3,2026-02-13-003,Saving,2,13,4
2026-02-13,A005,Withdrawal,9000,Lahore,2026-02-13,4,2026-02-13-004,Current,2,13,4
2026-02-13,A003,Deposit,18000,Islamabad,2026-02-13,5,2026-02-13-005,Saving,2,13,4
2026-02-13,A010,Withdrawal,43000,Karachi,2026-02-13,6,2026-02-13-006,Saving,2,13,4
2026-02-13,A003,Deposit,20500,Islamabad,2026-02-13,7,2026-02-13-007,Saving,2,13,4
2026-02-13,A009,Withdrawal,37000,Islamabad,2026-02-13,8,2026-02-13-008,Saving,2,13,4
2026-02-13,A007,Deposit,33000,Karachi,2026-02-13,9,2026-02-13-009,Saving,2,13,4
2026-02-13,A001,Withdrawal,37500,Karachi,2026-02-13,10,2026-02-13-010,Saving,2,13,4
2026-02-13,A006,Withdrawal,39500,Islamabad,2026-02-13,11,2026-02-13-011,Saving,2,13,4
2026-02-14,A002,Withdrawal,35500,Lahore,2026-02-14,1,2026-02-14-001,Current,2,14,5
2026-02-14,A009,Withdrawal,26000,Islamabad,2026-02-14,2,2026-02-14-002,Saving,2,14,5
2026-02-14,A001,Deposit,37000,Karachi,2026-02-14,3,2026-02-14-003,Saving,2,14,5
2026-02-14,A008,Deposit,20500,Lahore,2026-02-14,4,2026-02-14-004,Current,2,14,5
2026-02-14,A010,Deposit,65000,Karachi,2026-02-14,5,2026-02-14-005,Saving,2,14,5
2026-02-14,A008,Withdrawal,32000,Lahore,2026-02-14,6,2026-02-14-006,Current,2,14,5
2026-02-14,A004,Deposit,31000,Karachi,2026-02-14,7,2026-02-14-007,Saving,2,14,5
2026-02-14,A007,Withdrawal,20000,Karachi,2026-02-14,8,2026-02-14-008,Saving,2,14,5
2026-02-14,A005,Withdrawal,29500,Lahore,2026-02-14,9,2026-02-14-009,Current,2,14,5
2026-02-15,A006,Deposit,40000,Islamabad,2026-02-15,1,2026-02-15-001,Saving,2,15,6
2026-02-15,A004,Deposit,33000,Karachi,2026-02-15,2,2026-02-15-002,Saving,2,15,6
2026-02-15,A008,Deposit,14500,Lahore,2026-02-15,3,2026-02-15-003,Current,2,15,6
2026-02-15,A004,Deposit,56000,Karachi,2026-02-15,4,2026-02-15-004,Saving,2,15,6
2026-02-15,A001,Deposit,76500,Karachi,2026-02-15,5,2026-02-15-005,Saving,2,15,6
2026-02-15,A002,Withdrawal,6500,Lahore,2026-02-15,6,2026-02-15-006,Current,2,15,6
2026-02-15,A006,Deposit,71000,Islamabad,2026-02-15,7,2026-02-15-007,Saving,2,15,6
2026-02-15,A005,Deposit,20000,Lahore,2026-02-15,8,2026-02-15-008,Current,2,15,6
2026-02-15,A005,Deposit,44000,Lahore,2026-02-15,9,2026-02-15-009,Current,2,15,6
2026-02-15,A005,Deposit,24000,Lahore,2026-02-15,10,2026-02-15-010,Current,2,15,6
2026-02-15,A001,Withdrawal,25000,Karachi,2026-02-15,11,2026-02-15-011,Saving,2,15,6
2026-02-15,A003,Deposit,53500,Islamabad,2026-02-15,12,2026-02-15-012,Saving,2,15,6
2026-02-16,A002,Deposit,15000,Lahore,2026-02-16,1,2026-02-16-001,Current,2,16,0
2026-02-16,A003,Withdrawal,16000,Islamabad,2026-02-16,2,2026-02-16-002,Saving,2,16,0
2026-02-16,A009,Withdrawal,7000,Islamabad,2026-02-16,3,2026-02-16-003,Saving,2,16,0
2026-02-16,A010,Withdrawal,19000,Karachi,2026-02-16,4,2026-02-16-004,Saving,2,16,0
2026-02-16,A010,Deposit,35500,Karachi,2026-02-16,5,2026-02-16-005,Saving,2,16,0
2026-02-16,A002,Deposit,21500,Lahore,2026-02-16,6,2026-02-16-006,Current,2,16,0
2026-02-16,A006,Deposit,66000,Islamabad,2026-02-16,7,2026-02-16-007,Saving,2,16,0
2026-02-16,A009,Withdrawal,21000,Islamabad,2026-02-16,8,2026-02-16-008,Saving,2,16,0
2026-02-16,A006,Deposit,11000,Islamabad,2026-02-16,9,2026-02-16-009,Saving,2,16,0
2026-02-16,A003,Deposit,13000,Islamabad,2026-02-16,10,2026-02-16-010,Saving,2,16,0
2026-02-16,A009,Withdrawal,27000,Islamabad,2026-02-16,11,2026-02-16-011,Saving,2,16,0
2026-02-16,A008,Deposit,68500,Lahore,2026-02-16,12,2026-02-16-012,Current,2,16,0
2026-02-17,A009,Withdrawal,21000,Islamabad,2026-02-17,1,2026-02-17-001,Saving,2,17,1
2026-02-17,A001,Deposit,62500,Karachi,2026-02-17,2,2026-02-17-002,Saving,2,17,1
2026-02-17,A007,Deposit,75500,Karachi,2026-02-17,3,2026-02-17-003,Saving,2,17,1
2026-02-17,A003,Deposit,72000,Islamabad,2026-02-17,4,2026-02-17-004,Saving,2,17,1
2026-02-17,A004,Withdrawal,14500,Karachi,2026-02-17,5,2026-02-17-005,Saving,2,17,1
2026-02-17,A007,Deposit,18000,Karachi,2026-02-17,6,2026-02-17-006,Saving,2,17,1
2026-02-17,A001,Deposit,38500,Karachi,2026-02-17,7,2026-02-17-007,Saving,2,17,1
2026-02-17,A009,Withdrawal,36000,Islamabad,2026-02-17,8,2026-02-17-008,Saving,2,17,1
2026-02-17,A006,Deposit,70500,Islamabad,2026-02-17,9,2026-02-17-009,Saving,2,17,1
2026-02-18,A006,Deposit,29500,Islamabad,2026-02-18,1,2026-02-18-001,Saving,2,18,2
2026-02-18,A003,Deposit,7500,Islamabad,2026-02-18,2,2026-02-18-002,Saving,2,18,2
2026-02-18,A010,Withdrawal,2000,Karachi,2026-02-18,3,2026-02-18-003,Saving,2,18,2
2026-02-18,A008,Deposit,26000,Lahore,2026-02-18,4,2026-02-18-004,Current,2,18,2
2026-02-18,A005,Deposit,34000,Lahore,2026-02-18,5,2026-02-18-005,Current,2,18,2
2026-02-18,A006,Deposit,32000,Islamabad,2026-02-18,6,2026-02-18-006,Saving,2,18,2
2026-02-18,A002,Deposit,18500,Lahore,2026-02-18,7,2026-02-18-007,Current,2,18,2
2026-02-18,A010,Deposit,67500,Karachi,2026-02-18,8,2026-02-18-008,Saving,2,18,2
2026-02-18,A010,Deposit,32500,Karachi,2026-02-18,9,2026-02-18-009,Saving,2,18,2
2026-02-18,A006,Deposit,17000,Islamabad,2026-02-18,10,2026-02-18-010,Saving,2,18,2
2026-02-19,A009,Deposit,7000,Islamabad,2026-02-19,1,2026-02-19-001,Saving,2,19,3
2026-02-19,A002,Deposit,73500,Lahore,2026-02-19,2,2026-02-19-002,Current,2,19,3
2026-02-19,A010,Deposit,50500,Karachi,2026-02-19,3,2026-02-19-003,Saving,2,19,3
2026-02-19,A010,Withdrawal,21000,Karachi,2026-02-19,4,2026-02-19-004,Saving,2,19,3
2026-02-19,A007,Withdrawal,10500,Karachi,2026-02-19,5,2026-02-19-005,Saving,2,19,3
2026-02-19,A002,Withdrawal,41000,Lahore,2026-02-19,6,2026-02-19-006,Current,2,19,3
2026-02-19,A004,Deposit,40000,Karachi,2026-02-19,7,2026-02-19-007,Saving,2,19,3
2026-02-19,A009,Deposit,74000,Islamabad,2026-02-19,8,2026-02-19-008,Saving,2,19,3
2026-02-20,A001,Deposit,9000,Karachi,2026-02-20,1,2026-02-20-001,Saving,2,20,4
2026-02-20,A008,Withdrawal,4500,Lahore,2026-02-20,2,2026-02-20-002,Current,2,20,4
2026-02-20,A008,Withdrawal,41500,Lahore,2026-02-20,3,2026-02-20-003,Current,2,20,4
2026-02-20,A003,Withdrawal,27000,Islamabad,2026-02-20,4,2026-02-20-004,Saving,2,20,4
2026-02-20,A005,Withdrawal,38000,Lahore,2026-02-20,5,2026-02-20-005,Current,2,20,4
2026-02-20,A001,Withdrawal,15000,Karachi,2026-02-20,6,2026-02-20-006,Saving,2,20,4
2026-02-20,A003,Deposit,34500,Islamabad,2026-02-20,7,2026-02-20-007,Saving,2,20,4
2026-02-20,A005,Deposit,37500,Lahore,2026-02-20,8,2026-02-20-008,Current,2,20,4
2026-02-20,A002,Withdrawal,25500,Lahore,2026-02-20,9,2026-02-20-009,Current,2,20,4
2026-02-20,A004,Withdrawal,33000,Karachi,2026-02-20,10,2026-02-20-010,Saving,2,20,4
2026-02-21,A005,Deposit,59000,Lahore,2026-02-21,1,2026-02-21-001,Current,2,21,5
2026-02-21,A004,Withdrawal,33500,Karachi,2026-02-21,2,2026-02-21-002,Saving,2,21,5
2026-02-21,A001,Withdrawal,24500,Karachi,2026-02-21,3,2026-02-21-003,Saving,2,21,5
2026-02-21,A006,Deposit,30500,Islamabad,2026-02-21,4,2026-02-21-004,Saving,2,21,5
2026-02-21,A001,Withdrawal,34500,Karachi,2026-02-21,5,2026-02-21-005,Saving,2,21,5
2026-02-21,A006,Deposit,8000,Islamabad,2026-02-21,6,2026-02-21-006,Saving,2,21,5
2026-02-21,A003,Withdrawal,44500,Islamabad,2026-02-21,7,2026-02-21-007,Saving,2,21,5
2026-02-21,A003,Withdrawal,49500,Islamabad,2026-02-21,8,2026-02-21-008,Saving,2,21,5
2026-02-22,A007,Deposit,32000,Karachi,2026-02-22,1,2026-02-22-001,Saving,2,22,6
2026-02-22,A010,Deposit,60000,Karachi,2026-02-22,2,2026-02-22-002,Saving,2,22,6
2026-02-22,A008,Deposit,72000,Lahore,2026-02-22,3,2026-02-22-003,Current,2,22,6
2026-02-22,A006,Withdrawal,30000,Islamabad,2026-02-22,4,2026-02-22-004,Saving,2,22,6
2026-02-22,A006,Withdrawal,17500,Islamabad,2026-02-22,5,2026-02-22-005,Saving,2,22,6
2026-02-22,A005,Withdrawal,21000,Lahore,2026-02-22,6,2026-02-22-006,Current,2,22,6
2026-02-22,A004,Deposit,39500,Karachi,2026-02-22,7,2026-02-22-007,Saving,2,22,6
2026-02-22,A005,Deposit,67000,Lahore,2026-02-22,8,2026-02-22-008,Current,2,22,6
2026-02-22,A001,Withdrawal,8000,Karachi,2026-02-22,9,2026-02-22-009,Saving,2,22,6
2026-02-22,A007,Withdrawal,16500,Karachi,2026-02-22,10,2026-02-22-010,Saving,2,22,6
2026-02-22,A001,Deposit,65000,Karachi,2026-02-22,11,2026-02-22-011,Saving,2,22,6
2026-02-23,A002,Withdrawal,39000,Lahore,2026-02-23,1,2026-02-23-001,Current,2,23,0
2026-02-23,A008,Withdrawal,13500,Lahore,2026-02-23,2,2026-02-23-002,Current,2,23,0
2026-02-23,A002,Deposit,14500,Lahore,2026-02-23,3,2026-02-23-003,Current,2,23,0
2026-02-23,A008,Deposit,15000,Lahore,2026-02-23,4,2026-02-23-004,Current,2,23,0
2026-02-23,A003,Withdrawal,34000,Islamabad,2026-02-23,5,2026-02-23-005,Saving,2,23,0
2026-02-23,A008,Withdrawal,11500,Lahore,2026-02-23,6,2026-02-23-006,Current,2,23,0
2026-02-23,A006,Withdrawal,35500,Islamabad,2026-02-23,7,2026-02-23-007,Saving,2,23,0
2026-02-23,A006,Deposit,50500,Islamabad,2026-02-23,8,2026-02-23-008,Saving,2,23,0
2026-02-24,A007,Deposit,58500,Karachi,2026-02-24,1,2026-02-24-001,Saving,2,24,1
2026-02-24,A010,Deposit,38000,Karachi,2026-02-24,2,2026-02-24-002,Saving,2,24,1
2026-02-24,A007,Deposit,45000,Karachi,2026-02-24,3,2026-02-24-003,Saving,2,24,1
2026-02-24,A005,Withdrawal,48000,Lahore,2026-02-24,4,2026-02-24-004,Current,2,24,1
2026-02-24,A007,Deposit,18000,Karachi,2026-02-24,5,2026-02-24-005,Saving,2,24,1
2026-02-24,A010,Withdrawal,17500,Karachi,2026-02-24,6,2026-02-24-006,Saving,2,24,1
2026-02-24,A004,Withdrawal,35500,Karachi,2026-02-24,7,2026-02-24-007,Saving,2,24,1
2026-02-24,A005,Withdrawal,41000,Lahore,2026-02-24,8,2026-02-24-008,Current,2,24,1
2026-02-25,A009,Withdrawal,13500,Islamabad,2026-02-25,1,2026-02-25-001,Saving,2,25,2
2026-02-25,A010,Withdrawal,46000,Karachi,2026-02-25,2,2026-02-25-002,Saving,2,25,2
2026-02-25,A010,Withdrawal,48500,Karachi,2026-02-25,3,2026-02-25-003,Saving,2,25,2
2026-02-25,A010,Withdrawal,38500,Karachi,2026-02-25,4,2026-02-25-004,Saving,2,25,2
2026-02-25,A002,Deposit,41000,Lahore,2026-02-25,5,2026-02-25-005,Current,2,25,2
2026-02-25,A007,Withdrawal,13500,Karachi,2026-02-25,6,2026-02-25-006,Saving,2,25,2
2026-02-25,A007,Deposit,26500,Karachi,2026-02-25,7,2026-02-25-007,Saving,2,25,2
2026-02-25,A005,Deposit,48500,Lahore,2026-02-25,8,2026-02-25-008,Current,2,25,2
2026-02-25,A003,Withdrawal,12500,Islamabad,2026-02-25,9,2026-02-25-009,Saving,2,25,2
2026-02-26,A009,Deposit,32000,Islamabad,2026-02-26,1,2026-02-26-001,Saving,2,26,3
2026-02-26,A001,Deposit,39000,Karachi,2026-02-26,2,2026-02-26-002,Saving,2,26,3
2026-02-26,A008,Withdrawal,13000,Lahore,2026-02-26,3,2026-02-26-003,Current,2,26,3
2026-02-26,A002,Withdrawal,31000,Lahore,2026-02-26,4,2026-02-26-004,Current,2,26,3
2026-02-26,A002,Deposit,38500,Lahore,2026-02-26,5,2026-02-26-005,Current,2,26,3
2026-02-26,A010,Deposit,75500,Karachi,2026-02-26,6,2026-02-26-006,Saving,2,26,3
2026-02-26,A002,Deposit,35000,Lahore,2026-02-26,7,2026-02-26-007,Current,2,26,3
2026-02-26,A007,Withdrawal,15500,Karachi,2026-02-26,8,2026-02-26-008,Saving,2,26,3
2026-02-27,A007,Deposit,10000,Karachi,2026-02-27,1,2026-02-27-001,Saving,2,27,4
2026-02-27,A006,Deposit,64000,Islamabad,2026-02-27,2,2026-02-27-002,Saving,2,27,4
2026-02-27,A005,Withdrawal,44000,Lahore,2026-02-27,3,2026-02-27-003,Current,2,27,4
2026-02-27,A005,Withdrawal,7000,Lahore,2026-02-27,4,2026-02-27-004,Current,2,27,4
2026-02-27,A006,Deposit,18000,Islamabad,2026-02-27,5,2026-02-27-005,Saving,2,27,4
2026-02-27,A006,Deposit,46000,Islamabad,2026-02-27,6,2026-02-27-006,Saving,2,27,4
2026-02-27,A003,Withdrawal,34500,Islamabad,2026-02-27,7,2026-02-27-007,Saving,2,27,4
2026-02-27,A001,Withdrawal,49500,Karachi,2026-02-27,8,2026-02-27-008,Saving,2,27,4
2026-02-27,A001,Deposit,43500,Karachi,2026-02-27,9,2026-02-27-009,Saving,2,27,4
2026-02-27,A007,Withdrawal,36500,Karachi,2026-02-27,10,2026-02-27-010,Saving,2,27,4
2026-02-27,A004,Deposit,28500,Karachi,2026-02-27,11,2026-02-27-011,Saving,2,27,4
2026-02-27,A002,Deposit,36500,Lahore,2026-02-27,12,2026-02-27-012,Current,2,27,4
2026-02-28,A007,Deposit,29000,Karachi,2026-02-28,1,2026-02-28-001,Saving,2,28,5
2026-02-28,A008,Withdrawal,45000,Lahore,2026-02-28,2,2026-02-28-002,Current,2,28,5
2026-02-28,A009,Deposit,34500,Islamabad,2026-02-28,3,2026-02-28-003,Saving,2,28,5
2026-02-28,A004,Withdrawal,36000,Karachi,2026-02-28,4,2026-02-28-004,Saving,2,28,5
2026-02-28,A009,Deposit,21500,Islamabad,2026-02-28,5,2026-02-28-005,Saving,2,28,5
2026-02-28,A009,Deposit,47500,Islamabad,2026-02-28,6,2026-02-28-006,Saving,2,28,5
2026-02-28,A009,Deposit,29000,Islamabad,2026-02-28,7,2026-02-28-007,Saving,2,28,5
2026-02-28,A002,Withdrawal,15000,Lahore,2026-02-28,8,2026-02-28-008,Current,2,28,5
2026-02-28,A001,Deposit,22000,Karachi,2026-02-28,9,2026-02-28-009,Saving,2,28,5
2026-03-01,A001,Withdrawal,22500,Karachi,2026-03-01,1,2026-03-01-001,Saving,3,1,6
2026-03-01,A001,Withdrawal,3500,Karachi,2026-03-01,2,2026-03-01-002,Saving,3,1,6
2026-03-01,A008,Deposit,66500,Lahore,2026-03-01,3,2026-03-01-003,Current,3,1,6
2026-03-01,A001,Withdrawal,9000,Karachi,2026-03-01,4,2026-03-01-004,Saving,3,1,6
2026-03-01,A003,Withdrawal,41500,Islamabad,2026-03-01,5,2026-03-01-005,Saving,3,1,6
2026-03-01,A005,Deposit,66000,Lahore,2026-03-01,6,2026-03-01-006,Current,3,1,6
2026-03-01,A005,Withdrawal,20500,Lahore,2026-03-01,7,2026-03-01-007,Current,3,1,6
2026-03-02,A003,Withdrawal,11500,Islamabad,2026-03-02,1,2026-03-02-001,Saving,3,2,0
2026-03-02,A006,Withdrawal,36000,Islamabad,2026-03-02,2,2026-03-02-002,Saving,3,2,0
2026-03-02,A005,Deposit,35500,Lahore,2026-03-02,3,2026-03-02-003,Current,3,2,0
2026-03-02,A003,Deposit,53500,Islamabad,2026-03-02,4,2026-03-02-004,Saving,3,2,0
2026-03-02,A008,Deposit,61500,Lahore,2026-03-02,5,2026-03-02-005,Current,3,2,0
2026-03-02,A001,Deposit,17000,Karachi,2026-03-02,6,2026-03-02-006,Saving,3,2,0
2026-03-02,A002,Withdrawal,4500,Lahore,2026-03-02,7,2026-03-02-007,Current,3,2,0
2026-03-02,A004,Withdrawal,42500,Karachi,2026-03-02,8,2026-03-02-008,Saving,3,2,0
2026-03-02,A002,Withdrawal,10500,Lahore,2026-03-02,9,2026-03-02-009,Current,3,2,0
2026-03-02,A005,Deposit,18500,Lahore,2026-03-02,10,2026-03-02-010,Current,3,2,0
2026-03-03,A010,Withdrawal,48500,Karachi,2026-03-03,1,2026-03-03-001,Saving,3,3,1
2026-03-03,A005,Deposit,19000,Lahore,2026-03-03,2,2026-03-03-002,Current,3,3,1
2026-03-03,A005,Deposit,54000,Lahore,2026-03-03,3,2026-03-03-003,Current,3,3,1
2026-03-03,A003,Withdrawal,37000,Islamabad,2026-03-03,4,2026-03-03-004,Saving,3,3,1
2026-03-03,A008,Withdrawal,28000,Lahore,2026-03-03,5,2026-03-03-005,Current,3,3,1
2026-03-03,A004,Deposit,58000,Karachi,2026-03-03,6,2026-03-03-006,Saving,3,3,1
2026-03-03,A006,Withdrawal,4000,Islamabad,2026-03-03,7,2026-03-03-007,Saving,3,3,1
2026-03-03,A004,Deposit,41000,Karachi,2026-03-03,8,2026-03-03-008,Saving,3,3,1
2026-03-03,A003,Withdrawal,22000,Islamabad,2026-03-03,9,2026-03-03-009,Saving,3,3,1
2026-03-03,A002,Withdrawal,41500,Lahore,2026-03-03,10,2026-03-03-010,Current,3,3,1
2026-03-03,A002,Deposit,33500,Lahore,2026-03-03,11,2026-03-03-011,Current,3,3,1
2026-03-03,A002,Deposit,44000,Lahore,2026-03-03,12,2026-03-03-012,Current,3,3,1
2026-03-04,A006,Withdrawal,42500,Islamabad,2026-03-04,1,2026-03-04-001,Saving,3,4,2
2026-03-04,A001,Deposit,5500,Karachi,2026-03-04,2,2026-03-04-002,Saving,3,4,2
2026-03-04,A003,Withdrawal,39000,Islamabad,2026-03-04,3,2026-03-04-003,Saving,3,4,2
2026-03-04,A007,Deposit,67500,Karachi,2026-03-04,4,2026-03-04-004,Saving,3,4,2
2026-03-04,A009,Deposit,67000,Islamabad,2026-03-04,5,2026-03-04-005,Saving,3,4,2
2026-03-04,A005,Withdrawal,24500,Lahore,2026-03-04,6,2026-03-04-006,Current,3,4,2
2026-03-04,A001,Deposit,40500,Karachi,2026-03-04,7,2026-03-04-007,Saving,3,4,2
2026-03-04,A006,Deposit,27500,Islamabad,2026-03-04,8,2026-03-04-008,Saving,3,4,2
2026-03-04,A007,Deposit,71500,Karachi,2026-03-04,9,2026-03-04-009,Saving,3,4,2
2026-03-05,A005,Deposit,20500,Lahore,2026-03-05,1,2026-03-05-001,Current,3,5,3
2026-03-05,A006,Deposit,18000,Islamabad,2026-03-05,2,2026-03-05-002,Saving,3,5,3
2026-03-05,A007,Deposit,69500,Karachi,2026-03-05,3,2026-03-05-003,Saving,3,5,3
2026-03-05,A004,Deposit,32000,Karachi,2026-03-05,4,2026-03-05-004,Saving,3,5,3
2026-03-05,A006,Deposit,31500,Islamabad,2026-03-05,5,2026-03-05-005,Saving,3,5,3
2026-03-05,A010,Deposit,50500,Karachi,2026-03-05,6,2026-03-05-006,Saving,3,5,3
2026-03-05,A009,Withdrawal,44500,Islamabad,2026-03-05,7,2026-03-05-007,Saving,3,5,3
2026-03-06,A001,Deposit,8500,Karachi,2026-03-06,1,2026-03-06-001,Saving,3,6,4
2026-03-06,A002,Withdrawal,21500,Lahore,2026-03-06,2,2026-03-06-002,Current,3,6,4
2026-03-06,A002,Withdrawal,48000,Lahore,2026-03-06,3,2026-03-06-003,Current,3,6,4
2026-03-06,A008,Withdrawal,35000,Lahore,2026-03-06,4,2026-03-06-004,Current,3,6,4
2026-03-06,A006,Withdrawal,23000,Islamabad,2026-03-06,5,2026-03-06-005,Saving,3,6,4
2026-03-06,A001,Deposit,9500,Karachi,2026-03-06,6,2026-03-06-006,Saving,3,6,4
2026-03-06,A004,Withdrawal,6000,Karachi,2026-03-06,7,2026-03-06-007,Saving,3,6,4
2026-03-06,A006,Withdrawal,46000,Islamabad,2026-03-06,8,2026-03-06-008,Saving,3,6,4
2026-03-06,A002,Withdrawal,17500,Lahore,2026-03-06,9,2026-03-06-009,Current,3,6,4
2026-03-06,A005,Deposit,26500,Lahore,2026-03-06,10,2026-03-06-010,Current,3,6,4
2026-03-06,A010,Deposit,65000,Karachi,2026-03-06,11,2026-03-06-011,Saving,3,6,4
2026-03-07,A008,Deposit,48500,Lahore,2026-03-07,1,2026-03-07-001,Current,3,7,5
2026-03-07,A007,Deposit,29000,Karachi,2026-03-07,2,2026-03-07-002,Saving,3,7,5
2026-03-07,A010,Withdrawal,6500,Karachi,2026-03-07,3,2026-03-07-003,Saving,3,7,5
2026-03-07,A001,Deposit,49000,Karachi,2026-03-07,4,2026-03-07-004,Saving,3,7,5
2026-03-07,A007,Deposit,35500,Karachi,2026-03-07,5,2026-03-07-005,Saving,3,7,5
2026-03-07,A009,Withdrawal,32000,Islamabad,2026-03-07,6,2026-03-07-006,Saving,3,7,5
2026-03-07,A009,Deposit,74500,Islamabad,2026-03-07,7,2026-03-07-007,Saving,3,7,5
2026-03-07,A008,Deposit,29500,Lahore,2026-03-07,8,2026-03-07-008,Current,3,7,5
2026-03-07,A010,Deposit,47500,Karachi,2026-03-07,9,2026-03-07-009,Saving,3,7,5
2026-03-08,A007,Withdrawal,19500,Karachi,2026-03-08,1,2026-03-08-001,Saving,3,8,6
2026-03-08,A004,Deposit,10000,Karachi,2026-03-08,2,2026-03-08-002,Saving,3,8,6
2026-03-08,A004,Deposit,27500,Karachi,2026-03-08,3,2026-03-08-003,Saving,3,8,6
2026-03-08,A002,Withdrawal,48000,Lahore,2026-03-08,4,2026-03-08-004,Current,3,8,6
2026-03-08,A004,Deposit,63500,Karachi,2026-03-08,5,2026-03-08-005,Saving,3,8,6
2026-03-08,A006,Withdrawal,27500,Islamabad,2026-03-08,6,2026-03-08-006,Saving,3,8,6
2026-03-08,A003,Withdrawal,48500,Islamabad,2026-03-08,7,2026-03-08-007,Saving,3,8,6
2026-03-08,A010,Withdrawal,7000,Karachi,2026-03-08,8,2026-03-08-008,Saving,3,8,6
2026-03-09,A010,Withdrawal,4500,Karachi,2026-03-09,1,2026-03-09-001,Saving,3,9,0
2026-03-09,A009,Withdrawal,20500,Islamabad,2026-03-09,2,2026-03-09-002,Saving,3,9,0
2026-03-09,A010,Deposit,48000,Karachi,2026-03-09,3,2026-03-09-003,Saving,3,9,0
2026-03-09,A007,Withdrawal,3500,Karachi,2026-03-09,4,2026-03-09-004,Saving,3,9,0
2026-03-09,A010,Deposit,47000,Karachi,2026-03-09,5,2026-03-09-005,Saving,3,9,0
2026-03-09,A004,Withdrawal,37500,Karachi,2026-03-09,6,2026-03-09-006,Saving,3,9,0
2026-03-09,A003,Deposit,42000,Islamabad,2026-03-09,7,2026-03-09-007,Saving,3,9,0
2026-03-09,A005,Withdrawal,2000,Lahore,2026-03-09,8,2026-03-09-008,Current,3,9,0
2026-03-09,A010,Withdrawal,17500,Karachi,2026-03-09,9,2026-03-09-009,Saving,3,9,0
2026-03-09,A010,Withdrawal,19500,Karachi,2026-03-09,10,2026-03-09-010,Saving,3,9,0
2026-03-09,A001,Deposit,25000,Karachi,2026-03-09,11,2026-03-09-011,Saving,3,9,0
2026-03-10,A008,Deposit,21000,Lahore,2026-03-10,1,2026-03-10-001,Current,3,10,1
2026-03-10,A006,Withdrawal,5500,Islamabad,2026-03-10,2,2026-03-10-002,Saving,3,10,1
2026-03-10,A010,Withdrawal,42500,Karachi,2026-03-10,3,2026-03-10-003,Saving,3,10,1
2026-03-10,A002,Withdrawal,48000,Lahore,2026-03-10,4,2026-03-10-004,Current,3,10,1
2026-03-10,A009,Deposit,13500,Islamabad,2026-03-10,5,2026-03-10-005,Saving,3,10,1
2026-03-10,A002,Withdrawal,26000,Lahore,2026-03-10,6,2026-03-10-006,Current,3,10,1
2026-03-10,A005,Withdrawal,32500,Lahore,2026-03-10,7,2026-03-10-007,Current,3,10,1
2026-03-10,A010,Withdrawal,45500,Karachi,2026-03-10,8,2026-03-10-008,Saving,3,10,1
2026-03-10,A005,Deposit,14500,Lahore,2026-03-10,9,2026-03-10-009,Current,3,10,1
2026-03-11,A002,Withdrawal,7500,Lahore,2026-03-11,1,2026-03-11-001,Current,3,11,2
2026-03-11,A003,Deposit,67500,Islamabad,2026-03-11,2,2026-03-11-002,Saving,3,11,2
2026-03-11,A008,Withdrawal,16500,Lahore,2026-03-11,3,2026-03-11-003,Current,3,11,2
2026-03-11,A001,Deposit,6500,Karachi,2026-03-11,4,2026-03-11-004,Saving,3,11,2
2026-03-11,A006,Withdrawal,24000,Islamabad,2026-03-11,5,2026-03-11-005,Saving,3,11,2
2026-03-11,A006,Withdrawal,9500,Islamabad,2026-03-11,6,2026-03-11-006,Saving,3,11,2
2026-03-11,A002,Withdrawal,20000,Lahore,2026-03-11,7,2026-03-11-007,Current,3,11,2
2026-03-11,A002,Deposit,8000,Lahore,2026-03-11,8,2026-03-11-008,Current,3,11,2
2026-03-11,A010,Deposit,44000,Karachi,2026-03-11,9,2026-03-11-009,Saving,3,11,2
2026-03-12,A002,Deposit,41500,Lahore,2026-03-12,1,2026-03-12-001,Current,3,12,3
2026-03-12,A004,Deposit,43000,Karachi,2026-03-12,2,2026-03-12-002,Saving,3,12,3
2026-03-12,A010,Deposit,21500,Karachi,2026-03-12,3,2026-03-12-003,Saving,3,12,3
2026-03-12,A009,Withdrawal,13500,Islamabad,2026-03-12,4,2026-03-12-004,Saving,3,12,3
2026-03-12,A001,Withdrawal,49500,Karachi,2026-03-12,5,2026-03-12-005,Saving,3,12,3
2026-03-12,A009,Withdrawal,19000,Islamabad,2026-03-12,6,2026-03-12-006,Saving,3,12,3
2026-03-12,A005,Deposit,32000,Lahore,2026-03-12,7,2026-03-12-007,Current,3,12,3
2026-03-12,A001,Withdrawal,19500,Karachi,2026-03-12,8,2026-03-12-008,Saving,3,12,3
2026-03-12,A010,Withdrawal,33500,Karachi,2026-03-12,9,2026-03-12-009,Saving,3,12,3
2026-03-13,A003,Deposit,57500,Islamabad,2026-03-13,1,2026-03-13-001,Saving,3,13,4
2026-03-13,A006,Deposit,72500,Islamabad,2026-03-13,2,2026-03-13-002,Saving,3,13,4
2026-03-13,A004,Withdrawal,46500,Karachi,2026-03-13,3,2026-03-13-003,Saving,3,13,4
2026-03-13,A010,Deposit,13500,Karachi,2026-03-13,4,2026-03-13-004,Saving,3,13,4
2026-03-13,A001,Deposit,67500,Karachi,2026-03-13,5,2026-03-13-005,Saving,3,13,4
2026-03-13,A008,Withdrawal,27500,Lahore,2026-03-13,6,2026-03-13-006,Current,3,13,4
2026-03-13,A009,Deposit,47500,Islamabad,2026-03-13,7,2026-03-13-007,Saving,3,13,4
2026-03-14,A005,Deposit,17500,Lahore,2026-03-14,1,2026-03-14-001,Current,3,14,5
2026-03-14,A010,Deposit,64000,Karachi,2026-03-14,2,2026-03-14-002,Saving,3,14,5
2026-03-14,A002,Deposit,19500,Lahore,2026-03-14,3,2026-03-14-003,Current,3,14,5
2026-03-14,A010,Deposit,55500,Karachi,2026-03-14,4,2026-03-14-004,Saving,3,14,5
2026-03-14,A009,Withdrawal,27500,Islamabad,2026-03-14,5,2026-03-14-005,Saving,3,14,5
2026-03-14,A009,Withdrawal,31500,Islamabad,2026-03-14,6,2026-03-14-006,Saving,3,14,5
2026-03-14,A009,Withdrawal,32000,Islamabad,2026-03-14,7,2026-03-14-007,Saving,3,14,5
2026-03-14,A002,Withdrawal,16000,Lahore,2026-03-14,8,2026-03-14-008,Current,3,14,5
2026-03-14,A006,Withdrawal,48000,Islamabad,2026-03-14,9,2026-03-14-009,Saving,3,14,5
2026-03-14,A009,Withdrawal,23000,Islamabad,2026-03-14,10,2026-03-14-010,Saving,3,14,5
2026-03-14,A008,Deposit,39000,Lahore,2026-03-14,11,2026-03-14-011,Current,3,14,5
2026-03-15,A009,Deposit,33500,Islamabad,2026-03-15,1,2026-03-15-001,Saving,3,15,6
2026-03-15,A002,Deposit,34000,Lahore,2026-03-15,2,2026-03-15-002,Current,3,15,6
2026-03-15,A008,Withdrawal,5500,Lahore,2026-03-15,3,2026-03-15-003,Current,3,15,6
2026-03-15,A008,Withdrawal,23000,Lahore,2026-03-15,4,2026-03-15-004,Current,3,15,6
2026-03-15,A009,Deposit,50500,Islamabad,2026-03-15,5,2026-03-15-005,Saving,3,15,6
2026-03-15,A004,Deposit,16500,Karachi,2026-03-15,6,2026-03-15-006,Saving,3,15,6
2026-03-15,A003,Deposit,78000,Islamabad,2026-03-15,7,2026-03-15-007,Saving,3,15,6
2026-03-15,A004,Withdrawal,26500,Karachi,2026-03-15,8,2026-03-15-008,Saving,3,15,6
2026-03-15,A009,Deposit,78000,Islamabad,2026-03-15,9,2026-03-15-009,Saving,3,15,6
2026-03-16,A001,Deposit,74500,Karachi,2026-03-16,1,2026-03-16-001,Saving,3,16,0
2026-03-16,A001,Deposit,16000,Karachi,2026-03-16,2,2026-03-16-002,Saving,3,16,0
2026-03-16,A006,Withdrawal,14500,Islamabad,2026-03-16,3,2026-03-16-003,Saving,3,16,0
2026-03-16,A006,Withdrawal,40000,Islamabad,2026-03-16,4,2026-03-16-004,Saving,3,16,0
2026-03-16,A003,Withdrawal,43000,Islamabad,2026-03-16,5,2026-03-16-005,Saving,3,16,0
2026-03-16,A007,Withdrawal,31500,Karachi,2026-03-16,6,2026-03-16-006,Saving,3,16,0
2026-03-16,A010,Deposit,13000,Karachi,2026-03-16,7,2026-03-16-007,Saving,3,16,0
2026-03-16,A001,Deposit,35500,Karachi,2026-03-16,8,2026-03-16-008,Saving,3,16,0
2026-03-16,A005,Withdrawal,42500,Lahore,2026-03-16,9,2026-03-16-009,Current,3,16,0
2026-03-16,A004,Withdrawal,7500,Karachi,2026-03-16,10,2026-03-16-010,Saving,3,16,0
2026-03-17,A005,Deposit,18500,Lahore,2026-03-17,1,2026-03-17-001,Current,3,17,1
2026-03-17,A002,Withdrawal,33000,Lahore,2026-03-17,2,2026-03-17-002,Current,3,17,1
2026-03-17,A002,Deposit,37500,Lahore,2026-03-17,3,2026-03-17-003,Current,3,17,1
2026-03-17,A008,Deposit,59000,Lahore,2026-03-17,4,2026-03-17-004,Current,3,17,1
2026-03-17,A008,Deposit,75000,Lahore,2026-03-17,5,2026-03-17-005,Current,3,17,1
2026-03-17,A009,Deposit,13000,Islamabad,2026-03-17,6,2026-03-17-006,Saving,3,17,1
2026-03-17,A006,Deposit,43500,Islamabad,2026-03-17,7,2026-03-17-007,Saving,3,17,1
2026-03-17,A010,Withdrawal,22500,Karachi,2026-03-17,8,2026-03-17-008,Saving,3,17,1
2026-03-17,A001,Deposit,41000,Karachi,2026-03-17,9,2026-03-17-009,Saving,3,17,1
2026-03-17,A010,Deposit,36500,Karachi,2026-03-17,10,2026-03-17-010,Saving,3,17,1
2026-03-18,A006,Deposit,58500,Islamabad,2026-03-18,1,2026-03-18-001,Saving,3,18,2
2026-03-18,A007,Deposit,49500,Karachi,2026-03-18,2,2026-03-18-002,Saving,3,18,2
2026-03-18,A010,Deposit,42000,Karachi,2026-03-18,3,2026-03-18-003,Saving,3,18,2
2026-03-18,A009,Deposit,58500,Islamabad,2026-03-18,4,2026-03-18-004,Saving,3,18,2
2026-03-18,A001,Withdrawal,36500,Karachi,2026-03-18,5,2026-03-18-005,Saving,3,18,2
2026-03-18,A007,Withdrawal,45000,Karachi,2026-03-18,6,2026-03-18-006,Saving,3,18,2
2026-03-18,A005,Withdrawal,11000,Lahore,2026-03-18,7,2026-03-18-007,Current,3,18,2
2026-03-18,A009,Withdrawal,16000,Islamabad,2026-03-18,8,2026-03-18-008,Saving,3,18,2
2026-03-18,A004,Withdrawal,39000,Karachi,2026-03-18,9,2026-03-18-009,Saving,3,18,2
2026-03-18,A007,Withdrawal,35500,Karachi,2026-03-18,10,2026-03-18-010,Saving,3,18,2
2026-03-18,A004,Deposit,52000,Karachi,2026-03-18,11,2026-03-18-011,Saving,3,18,2
2026-03-19,A004,Withdrawal,26000,Karachi,2026-03-19,1,2026-03-19-001,Saving,3,19,3
2026-03-19,A005,Deposit,39000,Lahore,2026-03-19,2,2026-03-19-002,Current,3,19,3
2026-03-19,A006,Deposit,60500,Islamabad,2026-03-19,3,2026-03-19-003,Saving,3,19,3
2026-03-19,A004,Withdrawal,11500,Karachi,2026-03-19,4,2026-03-19-004,Saving,3,19,3
2026-03-19,A002,Withdrawal,37500,Lahore,2026-03-19,5,2026-03-19-005,Current,3,19,3
2026-03-19,A008,Deposit,25000,Lahore,2026-03-19,6,2026-03-19-006,Current,3,19,3
2026-03-19,A001,Deposit,76500,Karachi,2026-03-19,7,2026-03-19-007,Saving,3,19,3
2026-03-19,A003,Deposit,19500,Islamabad,2026-03-19,8,2026-03-19-008,Saving,3,19,3
2026-03-19,A004,Withdrawal,27000,Karachi,2026-03-19,9,2026-03-19-009,Saving,3,19,3
2026-03-19,A008,Withdrawal,38500,Lahore,2026-03-19,10,2026-03-19-010,Current,3,19,3
2026-03-19,A009,Deposit,18000,Islamabad,2026-03-19,11,2026-03-19-011,Saving,3,19,3
2026-03-20,A005,Deposit,34000,Lahore,2026-03-20,1,2026-03-20-001,Current,3,20,4
2026-03-20,A003,Deposit,33500,Islamabad,2026-03-20,2,2026-03-20-002,Saving,3,20,4
2026-03-20,A002,Withdrawal,41500,Lahore,2026-03-20,3,2026-03-20-003,Current,3,20,4
2026-03-20,A008,Deposit,36500,Lahore,2026-03-20,4,2026-03-20-004,Current,3,20,4
2026-03-20,A005,Withdrawal,29500,Lahore,2026-03-20,5,2026-03-20-005,Current,3,20,4
2026-03-20,A008,Withdrawal,11500,Lahore,2026-03-20,6,2026-03-20-006,Current,3,20,4
2026-03-20,A005,Withdrawal,15000,Lahore,2026-03-20,7,2026-03-20-007,Current,3,20,4
2026-03-20,A003,Deposit,18500,Islamabad,2026-03-20,8,2026-03-20-008,Saving,3,20,4
2026-03-20,A002,Deposit,30500,Lahore,2026-03-20,9,2026-03-20-009,Current,3,20,4
2026-03-20,A004,Deposit,73000,Karachi,2026-03-20,10,2026-03-20-010,Saving,3,20,4
2026-03-20,A008,Deposit,18500,Lahore,2026-03-20,11,2026-03-20-011,Current,3,20,4
2026-03-21,A004,Deposit,14500,Karachi,2026-03-21,1,2026-03-21-001,Saving,3,21,5
2026-03-21,A008,Deposit,27500,Lahore,2026-03-21,2,2026-03-21-002,Current,3,21,5
2026-03-21,A010,Withdrawal,13000,Karachi,2026-03-21,3,2026-03-21-003,Saving,3,21,5
2026-03-21,A001,Deposit,74500,Karachi,2026-03-21,4,2026-03-21-004,Saving,3,21,5
2026-03-21,A007,Withdrawal,32500,Karachi,2026-03-21,5,2026-03-21-005,Saving,3,21,5
2026-03-21,A007,Withdrawal,49500,Karachi,2026-03-21,6,2026-03-21-006,Saving,3,21,5
2026-03-21,A005,Withdrawal,44500,Lahore,2026-03-21,7,2026-03-21-007,Current,3,21,5
2026-03-21,A006,Deposit,64000,Islamabad,2026-03-21,8,2026-03-21-008,Saving,3,21,5
2026-03-22,A001,Deposit,48500,Karachi,2026-03-22,1,2026-03-22-001,Saving,3,22,6
2026-03-22,A005,Deposit,41500,Lahore,2026-03-22,2,2026-03-22-002,Current,3,22,6
2026-03-22,A005,Withdrawal,38500,Lahore,2026-03-22,3,2026-03-22-003,Current,3,22,6
2026-03-22,A006,Withdrawal,49000,Islamabad,2026-03-22,4,2026-03-22-004,Saving,3,22,6
2026-03-22,A002,Deposit,19500,Lahore,2026-03-22,5,2026-03-22-005,Current,3,22,6
2026-03-22,A008,Withdrawal,38500,Lahore,2026-03-22,6,2026-03-22-006,Current,3,22,6
2026-03-22,A010,Withdrawal,7500,Karachi,2026-03-22,7,2026-03-22-007,Saving,3,22,6
2026-03-22,A009,Deposit,14500,Islamabad,2026-03-22,8,2026-03-22-008,Saving,3,22,6
2026-03-22,A005,Deposit,66500,Lahore,2026-03-22,9,2026-03-22-009,Current,3,22,6
2026-03-22,A007,Withdrawal,22500,Karachi,2026-03-22,10,2026-03-22-010,Saving,3,22,6
2026-03-22,A004,Withdrawal,31500,Karachi,2026-03-22,11,2026-03-22-011,Saving,3,22,6
2026-03-23,A003,Deposit,17500,Islamabad,2026-03-23,1,2026-03-23-001,Saving,3,23,0
2026-03-23,A008,Withdrawal,4500,Lahore,2026-03-23,2,2026-03-23-002,Current,3,23,0
2026-03-23,A008,Withdrawal,21000,Lahore,2026-03-23,3,2026-03-23-003,Current,3,23,0
2026-03-23,A001,Deposit,56000,Karachi,2026-03-23,4,2026-03-23-004,Saving,3,23,0
2026-03-23,A008,Withdrawal,10000,Lahore,2026-03-23,5,2026-03-23-005,Current,3,23,0
2026-03-23,A010,Withdrawal,14500,Karachi,2026-03-23,6,2026-03-23-006,Saving,3,23,0
2026-03-23,A008,Withdrawal,8500,Lahore,2026-03-23,7,2026-03-23-007,Current,3,23,0
2026-03-23,A010,Deposit,66000,Karachi,2026-03-23,8,2026-03-23-008,Saving,3,23,0
2026-03-24,A003,Withdrawal,28500,Islamabad,2026-03-24,1,2026-03-24-001,Saving,3,24,1
2026-03-24,A003,Deposit,78500,Islamabad,2026-03-24,2,2026-03-24-002,Saving,3,24,1
2026-03-24,A005,Deposit,63000,Lahore,2026-03-24,3,2026-03-24-003,Current,3,24,1
2026-03-24,A008,Withdrawal,29500,Lahore,2026-03-24,4,2026-03-24-004,Current,3,24,1
2026-03-24,A004,Withdrawal,42000,Karachi,2026-03-24,5,2026-03-24-005,Saving,3,24,1
2026-03-24,A003,Deposit,47500,Islamabad,2026-03-24,6,2026-03-24-006,Saving,3,24,1
2026-03-24,A006,Withdrawal,44000,Islamabad,2026-03-24,7,2026-03-24-007,Saving,3,24,1
2026-03-24,A001,Deposit,72000,Karachi,2026-03-24,8,2026-03-24-008,Saving,3,24,1
2026-03-24,A006,Withdrawal,38500,Islamabad,2026-03-24,9,2026-03-24-009,Saving,3,24,1
2026-03-24,A001,Deposit,30000,Karachi,2026-03-24,10,2026-03-24-010,Saving,3,24,1
2026-03-24,A008,Deposit,22500,Lahore,2026-03-24,11,2026-03-24-011,Current,3,24,1
2026-03-24,A002,Deposit,47000,Lahore,2026-03-24,12,2026-03-24-012,Current,3,24,1
2026-03-25,A005,Withdrawal,25000,Lahore,2026-03-25,1,2026-03-25-001,Current,3,25,2
2026-03-25,A006,Withdrawal,32500,Islamabad,2026-03-25,2,2026-03-25-002,Saving,3,25,2
2026-03-25,A002,Deposit,78500,Lahore,2026-03-25,3,2026-03-25-003,Current,3,25,2
2026-03-25,A007,Withdrawal,21000,Karachi,2026-03-25,4,2026-03-25-004,Saving,3,25,2
2026-03-25,A001,Withdrawal,13500,Karachi,2026-03-25,5,2026-03-25-005,Saving,3,25,2
2026-03-25,A001,Deposit,61500,Karachi,2026-03-25,6,2026-03-25-006,Saving,3,25,2
2026-03-25,A005,Deposit,40000,Lahore,2026-03-25,7,2026-03-25-007,Current,3,25,2
2026-03-25,A002,Deposit,18500,Lahore,2026-03-25,8,2026-03-25-008,Current,3,25,2
2026-03-25,A003,Withdrawal,15500,Islamabad,2026-03-25,9,2026-03-25-009,Saving,3,25,2
2026-03-26,A010,Withdrawal,32500,Karachi,2026-03-26,1,2026-03-26-001,Saving,3,26,3
2026-03-26,A003,Deposit,13500,Islamabad,2026-03-26,2,2026-03-26-002,Saving,3,26,3
2026-03-26,A003,Deposit,6500,Islamabad,2026-03-26,3,2026-03-26-003,Saving,3,26,3
2026-03-26,A010,Deposit,74500,Karachi,2026-03-26,4,2026-03-26-004,Saving,3,26,3
2026-03-26,A003,Withdrawal,32000,Islamabad,2026-03-26,5,2026-03-26-005,Saving,3,26,3
2026-03-26,A004,Deposit,11000,Karachi,2026-03-26,6,2026-03-26-006,Saving,3,26,3
2026-03-26,A002,Withdrawal,22500,Lahore,2026-03-26,7,2026-03-26-007,Current,3,26,3
2026-03-26,A008,Deposit,34000,Lahore,2026-03-26,8,2026-03-26-008,Current,3,26,3
2026-03-27,A007,Withdrawal,42500,Karachi,2026-03-27,1,2026-03-27-001,Saving,3,27,4
2026-03-27,A001,Deposit,22000,Karachi,2026-03-27,2,2026-03-27-002,Saving,3,27,4
2026-03-27,A009,Deposit,70000,Islamabad,2026-03-27,3,2026-03-27-003,Saving,3,27,4
2026-03-27,A001,Withdrawal,31500,Karachi,2026-03-27,4,2026-03-27-004,Saving,3,27,4
2026-03-27,A007,Withdrawal,8000,Karachi,2026-03-27,5,2026-03-27-005,Saving,3,27,4
2026-03-27,A002,Withdrawal,47000,Lahore,2026-03-27,6,2026-03-27-006,Current,3,27,4
2026-03-27,A010,Withdrawal,23000,Karachi,2026-03-27,7,2026-03-27-007,Saving,3,27,4
2026-03-27,A002,Withdrawal,27000,Lahore,2026-03-27,8,2026-03-27-008,Current,3,27,4
2026-03-27,A001,Withdrawal,41000,Karachi,2026-03-27,9,2026-03-27-009,Saving,3,27,4
2026-03-27,A007,Deposit,26500,Karachi,2026-03-27,10,2026-03-27-010,Saving,3,27,4
2026-03-27,A010,Deposit,22500,Karachi,2026-03-27,11,2026-03-27-011,Saving,3,27,4
2026-03-27,A007,Withdrawal,26000,Karachi,2026-03-27,12,2026-03-27-012,Saving,3,27,4
2026-03-28,A004,Withdrawal,48000,Karachi,2026-03-28,1,2026-03-28-001,Saving,3,28,5
2026-03-28,A010,Deposit,63000,Karachi,2026-03-28,2,2026-03-28-002,Saving,3,28,5
2026-03-28,A008,Withdrawal,14000,Lahore,2026-03-28,3,2026-03-28-003,Current,3,28,5
2026-03-28,A006,Deposit,30000,Islamabad,2026-03-28,4,2026-03-28-004,Saving,3,28,5
2026-03-28,A008,Withdrawal,2000,Lahore,2026-03-28,5,2026-03-28-005,Current,3,28,5
2026-03-28,A008,Withdrawal,9500,Lahore,2026-03-28,6,2026-03-28-006,Current,3,28,5
2026-03-28,A010,Deposit,31500,Karachi,2026-03-28,7,2026-03-28-007,Saving,3,28,5
2026-03-28,A007,Deposit,10000,Karachi,2026-03-28,8,2026-03-28-008,Saving,3,28,5
2026-03-28,A010,Deposit,49500,Karachi,2026-03-28,9,2026-03-28-009,Saving,3,28,5
2026-03-28,A005,Withdrawal,6500,Lahore,2026-03-28,10,2026-03-28-010,Current,3,28,5
2026-03-28,A003,Withdrawal,30500,Islamabad,2026-03-28,11,2026-03-28-011,Saving,3,28,5
2026-03-28,A004,Withdrawal,25000,Karachi,2026-03-28,12,2026-03-28-012,Saving,3,28,5
2026-03-29,A008,Withdrawal,16000,Lahore,2026-03-29,1,2026-03-29-001,Current,3,29,6
2026-03-29,A003,Withdrawal,18000,Islamabad,2026-03-29,2,2026-03-29-002,Saving,3,29,6
2026-03-29,A003,Withdrawal,33500,Islamabad,2026-03-29,3,2026-03-29-003,Saving,3,29,6
2026-03-29,A010,Deposit,6500,Karachi,2026-03-29,4,2026-03-29-004,Saving,3,29,6
2026-03-29,A010,Withdrawal,36000,Karachi,2026-03-29,5,2026-03-29-005,Saving,3,29,6
2026-03-29,A007,Deposit,42000,Karachi,2026-03-29,6,2026-03-29-006,Saving,3,29,6
2026-03-29,A005,Withdrawal,18500,Lahore,2026-03-29,7,2026-03-29-007,Current,3,29,6
2026-03-29,A008,Deposit,7000,Lahore,2026-03-29,8,2026-03-29-008,Current,3,29,6
2026-03-29,A005,Deposit,75500,Lahore,2026-03-29,9,2026-03-29-009,Current,3,29,6
2026-03-29,A004,Deposit,61000,Karachi,2026-03-29,10,2026-03-29-010,Saving,3,29,6
2026-03-29,A006,Withdrawal,43500,Islamabad,2026-03-29,11,2026-03-29-011,Saving,3,29,6
2026-03-29,A008,Deposit,71000,Lahore,2026-03-29,12,2026-03-29-012,Current,3,29,6
2026-03-30,A006,Withdrawal,40000,Islamabad,2026-03-30,1,2026-03-30-001,Saving,3,30,0
2026-03-30,A003,Deposit,35500,Islamabad,2026-03-30,2,2026-03-30-002,Saving,3,30,0
2026-03-30,A001,Withdrawal,23000,Karachi,2026-03-30,3,2026-03-30-003,Saving,3,30,0
2026-03-30,A008,Withdrawal,19500,Lahore,2026-03-30,4,2026-03-30-004,Current,3,30,0
2026-03-30,A008,Withdrawal,6500,Lahore,2026-03-30,5,2026-03-30-005,Current,3,30,0
2026-03-30,A005,Deposit,9500,Lahore,2026-03-30,6,2026-03-30-006,Current,3,30,0
2026-03-30,A007,Deposit,6000,Karachi,2026-03-30,7,2026-03-30-007,Saving,3,30,0
2026-03-30,A009,Withdrawal,4500,Islamabad,2026-03-30,8,2026-03-30-008,Saving,3,30,0
2026-03-30,A004,Withdrawal,8000,Karachi,2026-03-30,9,2026-03-30-009,Saving,3,30,0
2026-03-30,A002,Withdrawal,10000,Lahore,2026-03-30,10,2026-03-30-010,Current,3,30,0
2026-03-31,A007,Deposit,74000,Karachi,2026-03-31,1,2026-03-31-001,Saving,3,31,1
2026-03-31,A009,Deposit,17500,Islamabad,2026-03-31,2,2026-03-31-002,Saving,3,31,1
2026-03-31,A002,Deposit,11500,Lahore,2026-03-31,3,2026-03-31-003,Current,3,31,1
2026-03-31,A004,Withdrawal,5000,Karachi,2026-03-31,4,2026-03-31-004,Saving,3,31,1
2026-03-31,A001,Deposit,10500,Karachi,2026-03-31,5,2026-03-31-005,Saving,3,31,1
2026-03-31,A006,Withdrawal,41500,Islamabad,2026-03-31,6,2026-03-31-006,Saving,3,31,1
2026-03-31,A001,Withdrawal,39000,Karachi,2026-03-31,7,2026-03-31-007,Saving,3,31,1
2026-03-31,A005,Withdrawal,44000,Lahore,2026-03-31,8,2026-03-31-008,Current,3,31,1
2026-03-31,A005,Withdrawal,27000,Lahore,2026-03-31,9,2026-03-31-009,Current,3,31,1
2026-03-31,A005,Deposit,38500,Lahore,2026-03-31,10,2026-03-31-010,Current,3,31,1
2026-03-31,A002,Deposit,40000,Lahore,2026-03-31,11,2026-03-31-011,Current,3,31,1
2026-03-31,A005,Deposit,64500,Lahore,2026-03-31,12,2026-03-31-012,Current,3,31,1
2026-04-01,A005,Deposit,13000,Lahore,2026-04-01_new_day,1,2026-04-01_new_day-001,Current,4,1,2
2026-04-01,A008,Deposit,59000,Lahore,2026-04-01_new_day,2,2026-04-01_new_day-002,Current,4,1,2
2026-04-01,A010,Withdrawal,48500,Karachi,2026-04-01_new_day,3,2026-04-01_new_day-003,Saving,4,1,2
2026-04-01,A009,Withdrawal,8000,Islamabad,2026-04-01_new_day,4,2026-04-01_new_day-004,Saving,4,1,2
2026-04-01,A003,Deposit,23500,Islamabad,2026-04-01_new_day,5,2026-04-01_new_day-005,Saving,4,1,2
2026-04-01,A005,Withdrawal,49000,Lahore,2026-04-01_new_day,6,2026-04-01_new_day-006,Current,4,1,2
2026-04-01,A002,Withdrawal,22500,Lahore,2026-04-01_new_day,7,2026-04-01_new_day-007,Current,4,1,2
2026-04-01,A003,Withdrawal,22000,Islamabad,2026-04-01_new_day,8,2026-04-01_new_day-008,Saving,4,1,2
2026-04-01,A003,Withdrawal,44500,Islamabad,2026-04-01_new_day,9,2026-04-01_new_day-009,Saving,4,1,2
